Episode_Return,env_step
56.0,56
12.0,68
46.0,114
42.0,156
20.0,176
10.0,186
24.0,210
10.0,220
28.0,248
13.0,261
28.0,289
24.0,313
14.0,327
19.0,346
11.0,357
40.0,397
13.0,410
17.0,427
25.0,452
15.0,467
35.0,502
12.0,514
16.0,530
24.0,554
22.0,576
24.0,600
14.0,614
16.0,630
17.0,647
12.0,659
56.0,715
39.0,754
24.0,778
19.0,797
19.0,816
52.0,868
16.0,884
31.0,915
28.0,943
16.0,959
30.0,989
20.0,1009
11.0,1020
15.0,1035
15.0,1050
20.0,1070
40.0,1110
17.0,1127
16.0,1143
23.0,1166
25.0,1191
30.0,1221
22.0,1243
24.0,1267
50.0,1317
21.0,1338
14.0,1352
14.0,1366
16.0,1382
18.0,1400
29.0,1429
12.0,1441
9.0,1450
90.0,1540
14.0,1554
20.0,1574
19.0,1593
25.0,1618
11.0,1629
36.0,1665
20.0,1685
37.0,1722
48.0,1770
89.0,1859
19.0,1878
32.0,1910
21.0,1931
23.0,1954
16.0,1970
29.0,1999
13.0,2012
21.0,2033
15.0,2048
12.0,2060
45.0,2105
12.0,2117
14.0,2131
13.0,2144
9.0,2153
21.0,2174
18.0,2192
22.0,2214
23.0,2237
22.0,2259
16.0,2275
41.0,2316
32.0,2348
9.0,2357
42.0,2399
43.0,2442
12.0,2454
24.0,2478
31.0,2509
15.0,2524
14.0,2538
15.0,2553
37.0,2590
17.0,2607
17.0,2624
13.0,2637
47.0,2684
14.0,2698
12.0,2710
12.0,2722
8.0,2730
34.0,2764
57.0,2821
14.0,2835
17.0,2852
12.0,2864
12.0,2876
17.0,2893
29.0,2922
30.0,2952
10.0,2962
14.0,2976
22.0,2998
17.0,3015
36.0,3051
18.0,3069
22.0,3091
12.0,3103
13.0,3116
15.0,3131
33.0,3164
18.0,3182
14.0,3196
32.0,3228
30.0,3258
25.0,3283
13.0,3296
38.0,3334
17.0,3351
36.0,3387
21.0,3408
15.0,3423
27.0,3450
19.0,3469
13.0,3482
12.0,3494
14.0,3508
36.0,3544
21.0,3565
14.0,3579
28.0,3607
29.0,3636
11.0,3647
39.0,3686
22.0,3708
19.0,3727
20.0,3747
15.0,3762
22.0,3784
17.0,3801
10.0,3811
29.0,3840
9.0,3849
11.0,3860
23.0,3883
12.0,3895
37.0,3932
18.0,3950
10.0,3960
25.0,3985
9.0,3994
22.0,4016
24.0,4040
18.0,4058
22.0,4080
11.0,4091
21.0,4112
41.0,4153
21.0,4174
29.0,4203
19.0,4222
15.0,4237
18.0,4255
22.0,4277
22.0,4299
14.0,4313
14.0,4327
12.0,4339
35.0,4374
13.0,4387
16.0,4403
25.0,4428
35.0,4463
18.0,4481
21.0,4502
40.0,4542
14.0,4556
10.0,4566
29.0,4595
38.0,4633
18.0,4651
13.0,4664
33.0,4697
9.0,4706
29.0,4735
23.0,4758
12.0,4770
40.0,4810
17.0,4827
19.0,4846
17.0,4863
14.0,4877
41.0,4918
15.0,4933
11.0,4944
13.0,4957
24.0,4981
24.0,5005
25.0,5030
57.0,5087
13.0,5100
28.0,5128
12.0,5140
13.0,5153
23.0,5176
26.0,5202
10.0,5212
13.0,5225
12.0,5237
36.0,5273
13.0,5286
18.0,5304
16.0,5320
14.0,5334
15.0,5349
21.0,5370
12.0,5382
32.0,5414
21.0,5435
9.0,5444
27.0,5471
16.0,5487
24.0,5511
12.0,5523
9.0,5532
12.0,5544
66.0,5610
18.0,5628
13.0,5641
24.0,5665
40.0,5705
31.0,5736
24.0,5760
21.0,5781
12.0,5793
13.0,5806
13.0,5819
16.0,5835
25.0,5860
17.0,5877
9.0,5886
34.0,5920
60.0,5980
12.0,5992
39.0,6031
35.0,6066
15.0,6081
20.0,6101
13.0,6114
67.0,6181
14.0,6195
21.0,6216
28.0,6244
16.0,6260
12.0,6272
16.0,6288
16.0,6304
53.0,6357
29.0,6386
22.0,6408
33.0,6441
38.0,6479
30.0,6509
22.0,6531
21.0,6552
28.0,6580
36.0,6616
20.0,6636
22.0,6658
14.0,6672
31.0,6703
18.0,6721
25.0,6746
16.0,6762
25.0,6787
16.0,6803
11.0,6814
14.0,6828
24.0,6852
38.0,6890
10.0,6900
16.0,6916
19.0,6935
18.0,6953
13.0,6966
20.0,6986
15.0,7001
21.0,7022
53.0,7075
18.0,7093
16.0,7109
19.0,7128
28.0,7156
14.0,7170
47.0,7217
15.0,7232
31.0,7263
19.0,7282
16.0,7298
13.0,7311
21.0,7332
26.0,7358
28.0,7386
27.0,7413
9.0,7422
51.0,7473
15.0,7488
19.0,7507
16.0,7523
42.0,7565
17.0,7582
55.0,7637
50.0,7687
16.0,7703
12.0,7715
26.0,7741
20.0,7761
20.0,7781
21.0,7802
18.0,7820
14.0,7834
27.0,7861
9.0,7870
12.0,7882
30.0,7912
39.0,7951
41.0,7992
31.0,8023
19.0,8042
31.0,8073
11.0,8084
11.0,8095
18.0,8113
20.0,8133
18.0,8151
33.0,8184
16.0,8200
13.0,8213
33.0,8246
14.0,8260
34.0,8294
45.0,8339
34.0,8373
13.0,8386
15.0,8401
44.0,8445
11.0,8456
25.0,8481
18.0,8499
16.0,8515
29.0,8544
13.0,8557
31.0,8588
13.0,8601
33.0,8634
16.0,8650
31.0,8681
23.0,8704
26.0,8730
57.0,8787
19.0,8806
16.0,8822
16.0,8838
24.0,8862
17.0,8879
17.0,8896
17.0,8913
12.0,8925
20.0,8945
30.0,8975
29.0,9004
19.0,9023
36.0,9059
25.0,9084
24.0,9108
16.0,9124
22.0,9146
11.0,9157
19.0,9176
30.0,9206
17.0,9223
42.0,9265
17.0,9282
25.0,9307
23.0,9330
16.0,9346
13.0,9359
11.0,9370
27.0,9397
19.0,9416
27.0,9443
36.0,9479
20.0,9499
26.0,9525
19.0,9544
10.0,9554
12.0,9566
17.0,9583
16.0,9599
10.0,9609
20.0,9629
44.0,9673
31.0,9704
17.0,9721
12.0,9733
10.0,9743
10.0,9753
10.0,9763
10.0,9773
18.0,9791
21.0,9812
39.0,9851
13.0,9864
47.0,9911
16.0,9927
22.0,9949
17.0,9966
9.0,9975
17.0,9992
26.0,10018
17.0,10035
21.0,10056
35.0,10091
31.0,10122
20.0,10142
10.0,10152
16.0,10168
30.0,10198
18.0,10216
9.0,10225
52.0,10277
26.0,10303
14.0,10317
13.0,10330
24.0,10354
11.0,10365
16.0,10381
10.0,10391
11.0,10402
18.0,10420
12.0,10432
16.0,10448
11.0,10459
17.0,10476
18.0,10494
14.0,10508
16.0,10524
20.0,10544
17.0,10561
20.0,10581
11.0,10592
26.0,10618
18.0,10636
15.0,10651
16.0,10667
9.0,10676
20.0,10696
14.0,10710
12.0,10722
35.0,10757
14.0,10771
21.0,10792
13.0,10805
14.0,10819
66.0,10885
18.0,10903
15.0,10918
10.0,10928
14.0,10942
15.0,10957
30.0,10987
18.0,11005
37.0,11042
29.0,11071
15.0,11086
48.0,11134
22.0,11156
31.0,11187
43.0,11230
13.0,11243
8.0,11251
11.0,11262
21.0,11283
20.0,11303
16.0,11319
18.0,11337
14.0,11351
18.0,11369
23.0,11392
13.0,11405
22.0,11427
22.0,11449
14.0,11463
13.0,11476
39.0,11515
12.0,11527
18.0,11545
20.0,11565
26.0,11591
39.0,11630
11.0,11641
19.0,11660
18.0,11678
12.0,11690
21.0,11711
36.0,11747
54.0,11801
11.0,11812
12.0,11824
20.0,11844
36.0,11880
21.0,11901
53.0,11954
22.0,11976
24.0,12000
15.0,12015
12.0,12027
22.0,12049
19.0,12068
16.0,12084
15.0,12099
11.0,12110
30.0,12140
19.0,12159
14.0,12173
13.0,12186
17.0,12203
15.0,12218
29.0,12247
18.0,12265
12.0,12277
29.0,12306
19.0,12325
47.0,12372
32.0,12404
20.0,12424
30.0,12454
11.0,12465
11.0,12476
19.0,12495
17.0,12512
16.0,12528
37.0,12565
19.0,12584
24.0,12608
41.0,12649
16.0,12665
10.0,12675
15.0,12690
13.0,12703
14.0,12717
14.0,12731
11.0,12742
16.0,12758
30.0,12788
18.0,12806
19.0,12825
14.0,12839
18.0,12857
17.0,12874
13.0,12887
26.0,12913
10.0,12923
11.0,12934
16.0,12950
46.0,12996
30.0,13026
12.0,13038
17.0,13055
17.0,13072
21.0,13093
26.0,13119
58.0,13177
40.0,13217
19.0,13236
12.0,13248
26.0,13274
12.0,13286
17.0,13303
11.0,13314
9.0,13323
16.0,13339
11.0,13350
33.0,13383
13.0,13396
21.0,13417
80.0,13497
23.0,13520
12.0,13532
23.0,13555
22.0,13577
20.0,13597
15.0,13612
15.0,13627
13.0,13640
21.0,13661
22.0,13683
32.0,13715
22.0,13737
23.0,13760
34.0,13794
11.0,13805
18.0,13823
24.0,13847
15.0,13862
21.0,13883
24.0,13907
16.0,13923
26.0,13949
29.0,13978
15.0,13993
16.0,14009
9.0,14018
22.0,14040
26.0,14066
18.0,14084
19.0,14103
13.0,14116
48.0,14164
21.0,14185
9.0,14194
43.0,14237
38.0,14275
9.0,14284
28.0,14312
11.0,14323
13.0,14336
26.0,14362
12.0,14374
37.0,14411
15.0,14426
26.0,14452
26.0,14478
12.0,14490
29.0,14519
70.0,14589
40.0,14629
14.0,14643
25.0,14668
15.0,14683
11.0,14694
40.0,14734
15.0,14749
13.0,14762
18.0,14780
24.0,14804
12.0,14816
26.0,14842
25.0,14867
12.0,14879
15.0,14894
28.0,14922
28.0,14950
19.0,14969
17.0,14986
36.0,15022
11.0,15033
15.0,15048
12.0,15060
26.0,15086
32.0,15118
19.0,15137
32.0,15169
13.0,15182
10.0,15192
12.0,15204
48.0,15252
72.0,15324
11.0,15335
40.0,15375
14.0,15389
26.0,15415
20.0,15435
11.0,15446
19.0,15465
35.0,15500
12.0,15512
83.0,15595
13.0,15608
9.0,15617
24.0,15641
31.0,15672
16.0,15688
10.0,15698
14.0,15712
11.0,15723
14.0,15737
13.0,15750
14.0,15764
15.0,15779
16.0,15795
39.0,15834
11.0,15845
14.0,15859
16.0,15875
41.0,15916
10.0,15926
53.0,15979
10.0,15989
25.0,16014
17.0,16031
19.0,16050
20.0,16070
23.0,16093
30.0,16123
11.0,16134
12.0,16146
31.0,16177
21.0,16198
16.0,16214
11.0,16225
13.0,16238
16.0,16254
40.0,16294
21.0,16315
15.0,16330
17.0,16347
29.0,16376
20.0,16396
24.0,16420
15.0,16435
16.0,16451
26.0,16477
19.0,16496
17.0,16513
13.0,16526
46.0,16572
36.0,16608
29.0,16637
11.0,16648
18.0,16666
12.0,16678
36.0,16714
16.0,16730
9.0,16739
14.0,16753
11.0,16764
10.0,16774
10.0,16784
14.0,16798
16.0,16814
14.0,16828
61.0,16889
25.0,16914
29.0,16943
13.0,16956
13.0,16969
19.0,16988
13.0,17001
24.0,17025
30.0,17055
20.0,17075
18.0,17093
17.0,17110
11.0,17121
20.0,17141
22.0,17163
20.0,17183
17.0,17200
16.0,17216
15.0,17231
12.0,17243
13.0,17256
27.0,17283
19.0,17302
26.0,17328
25.0,17353
24.0,17377
13.0,17390
38.0,17428
23.0,17451
26.0,17477
11.0,17488
22.0,17510
11.0,17521
13.0,17534
18.0,17552
47.0,17599
18.0,17617
22.0,17639
23.0,17662
11.0,17673
17.0,17690
35.0,17725
25.0,17750
19.0,17769
10.0,17779
14.0,17793
11.0,17804
11.0,17815
36.0,17851
26.0,17877
13.0,17890
24.0,17914
11.0,17925
27.0,17952
16.0,17968
11.0,17979
9.0,17988
28.0,18016
34.0,18050
35.0,18085
14.0,18099
14.0,18113
23.0,18136
20.0,18156
50.0,18206
19.0,18225
19.0,18244
34.0,18278
24.0,18302
21.0,18323
10.0,18333
22.0,18355
11.0,18366
10.0,18376
38.0,18414
9.0,18423
25.0,18448
18.0,18466
20.0,18486
15.0,18501
11.0,18512
28.0,18540
11.0,18551
15.0,18566
14.0,18580
13.0,18593
29.0,18622
17.0,18639
26.0,18665
25.0,18690
24.0,18714
14.0,18728
12.0,18740
12.0,18752
22.0,18774
21.0,18795
17.0,18812
47.0,18859
21.0,18880
15.0,18895
12.0,18907
16.0,18923
17.0,18940
13.0,18953
13.0,18966
13.0,18979
18.0,18997
14.0,19011
12.0,19023
42.0,19065
31.0,19096
10.0,19106
18.0,19124
16.0,19140
18.0,19158
20.0,19178
17.0,19195
23.0,19218
40.0,19258
17.0,19275
33.0,19308
16.0,19324
11.0,19335
21.0,19356
15.0,19371
14.0,19385
10.0,19395
18.0,19413
12.0,19425
15.0,19440
15.0,19455
20.0,19475
16.0,19491
19.0,19510
22.0,19532
35.0,19567
12.0,19579
24.0,19603
28.0,19631
20.0,19651
30.0,19681
17.0,19698
14.0,19712
27.0,19739
22.0,19761
18.0,19779
13.0,19792
15.0,19807
19.0,19826
13.0,19839
11.0,19850
22.0,19872
23.0,19895
38.0,19933
11.0,19944
22.0,19966
26.0,19992
10.0,20002
28.0,20030
18.0,20048
33.0,20081
12.0,20093
15.0,20108
17.0,20125
18.0,20143
10.0,20153
17.0,20170
20.0,20190
29.0,20219
21.0,20240
32.0,20272
19.0,20291
19.0,20310
39.0,20349
11.0,20360
21.0,20381
22.0,20403
14.0,20417
12.0,20429
15.0,20444
12.0,20456
13.0,20469
15.0,20484
23.0,20507
12.0,20519
19.0,20538
27.0,20565
12.0,20577
14.0,20591
15.0,20606
21.0,20627
18.0,20645
10.0,20655
13.0,20668
14.0,20682
10.0,20692
31.0,20723
25.0,20748
12.0,20760
33.0,20793
23.0,20816
12.0,20828
14.0,20842
37.0,20879
15.0,20894
30.0,20924
32.0,20956
15.0,20971
45.0,21016
38.0,21054
9.0,21063
9.0,21072
17.0,21089
32.0,21121
13.0,21134
43.0,21177
20.0,21197
18.0,21215
17.0,21232
13.0,21245
14.0,21259
15.0,21274
14.0,21288
34.0,21322
13.0,21335
15.0,21350
15.0,21365
19.0,21384
15.0,21399
16.0,21415
24.0,21439
29.0,21468
25.0,21493
19.0,21512
11.0,21523
9.0,21532
64.0,21596
17.0,21613
20.0,21633
14.0,21647
16.0,21663
28.0,21691
11.0,21702
20.0,21722
13.0,21735
15.0,21750
14.0,21764
10.0,21774
18.0,21792
14.0,21806
14.0,21820
19.0,21839
13.0,21852
47.0,21899
35.0,21934
15.0,21949
18.0,21967
14.0,21981
12.0,21993
28.0,22021
23.0,22044
15.0,22059
11.0,22070
13.0,22083
16.0,22099
16.0,22115
29.0,22144
13.0,22157
12.0,22169
23.0,22192
18.0,22210
15.0,22225
33.0,22258
25.0,22283
16.0,22299
27.0,22326
15.0,22341
17.0,22358
14.0,22372
25.0,22397
13.0,22410
11.0,22421
22.0,22443
22.0,22465
24.0,22489
18.0,22507
29.0,22536
16.0,22552
24.0,22576
19.0,22595
9.0,22604
14.0,22618
13.0,22631
11.0,22642
14.0,22656
10.0,22666
27.0,22693
26.0,22719
11.0,22730
41.0,22771
21.0,22792
12.0,22804
14.0,22818
27.0,22845
18.0,22863
18.0,22881
17.0,22898
13.0,22911
20.0,22931
24.0,22955
19.0,22974
10.0,22984
62.0,23046
16.0,23062
11.0,23073
11.0,23084
20.0,23104
18.0,23122
17.0,23139
15.0,23154
17.0,23171
19.0,23190
49.0,23239
12.0,23251
8.0,23259
16.0,23275
25.0,23300
14.0,23314
25.0,23339
21.0,23360
35.0,23395
19.0,23414
18.0,23432
12.0,23444
16.0,23460
12.0,23472
12.0,23484
48.0,23532
16.0,23548
13.0,23561
9.0,23570
16.0,23586
9.0,23595
24.0,23619
14.0,23633
35.0,23668
16.0,23684
18.0,23702
12.0,23714
10.0,23724
11.0,23735
13.0,23748
18.0,23766
12.0,23778
12.0,23790
19.0,23809
15.0,23824
25.0,23849
25.0,23874
39.0,23913
23.0,23936
21.0,23957
12.0,23969
16.0,23985
10.0,23995
11.0,24006
18.0,24024
16.0,24040
15.0,24055
14.0,24069
17.0,24086
16.0,24102
23.0,24125
16.0,24141
20.0,24161
12.0,24173
31.0,24204
11.0,24215
10.0,24225
51.0,24276
12.0,24288
12.0,24300
12.0,24312
11.0,24323
15.0,24338
17.0,24355
13.0,24368
10.0,24378
16.0,24394
14.0,24408
18.0,24426
33.0,24459
11.0,24470
21.0,24491
18.0,24509
11.0,24520
12.0,24532
16.0,24548
19.0,24567
11.0,24578
15.0,24593
14.0,24607
11.0,24618
29.0,24647
11.0,24658
40.0,24698
25.0,24723
12.0,24735
17.0,24752
15.0,24767
15.0,24782
12.0,24794
11.0,24805
16.0,24821
14.0,24835
22.0,24857
10.0,24867
27.0,24894
23.0,24917
22.0,24939
13.0,24952
40.0,24992
9.0,25001
14.0,25015
12.0,25027
22.0,25049
13.0,25062
9.0,25071
20.0,25091
53.0,25144
12.0,25156
11.0,25167
19.0,25186
24.0,25210
28.0,25238
24.0,25262
22.0,25284
11.0,25295
14.0,25309
13.0,25322
9.0,25331
26.0,25357
14.0,25371
30.0,25401
9.0,25410
27.0,25437
10.0,25447
9.0,25456
21.0,25477
12.0,25489
28.0,25517
11.0,25528
11.0,25539
13.0,25552
15.0,25567
12.0,25579
26.0,25605
38.0,25643
34.0,25677
13.0,25690
15.0,25705
29.0,25734
18.0,25752
9.0,25761
15.0,25776
42.0,25818
18.0,25836
17.0,25853
9.0,25862
11.0,25873
15.0,25888
10.0,25898
49.0,25947
17.0,25964
44.0,26008
24.0,26032
44.0,26076
18.0,26094
11.0,26105
17.0,26122
52.0,26174
22.0,26196
15.0,26211
20.0,26231
23.0,26254
10.0,26264
18.0,26282
15.0,26297
11.0,26308
18.0,26326
23.0,26349
20.0,26369
19.0,26388
16.0,26404
27.0,26431
15.0,26446
19.0,26465
12.0,26477
38.0,26515
19.0,26534
49.0,26583
14.0,26597
12.0,26609
10.0,26619
19.0,26638
12.0,26650
37.0,26687
17.0,26704
14.0,26718
35.0,26753
14.0,26767
22.0,26789
32.0,26821
9.0,26830
13.0,26843
23.0,26866
14.0,26880
13.0,26893
17.0,26910
13.0,26923
15.0,26938
20.0,26958
17.0,26975
30.0,27005
14.0,27019
13.0,27032
27.0,27059
17.0,27076
15.0,27091
18.0,27109
18.0,27127
33.0,27160
10.0,27170
12.0,27182
14.0,27196
18.0,27214
15.0,27229
23.0,27252
11.0,27263
19.0,27282
21.0,27303
13.0,27316
15.0,27331
11.0,27342
12.0,27354
13.0,27367
14.0,27381
14.0,27395
56.0,27451
58.0,27509
22.0,27531
26.0,27557
9.0,27566
15.0,27581
20.0,27601
11.0,27612
29.0,27641
11.0,27652
12.0,27664
33.0,27697
12.0,27709
15.0,27724
13.0,27737
27.0,27764
19.0,27783
39.0,27822
17.0,27839
18.0,27857
17.0,27874
16.0,27890
20.0,27910
23.0,27933
25.0,27958
12.0,27970
16.0,27986
12.0,27998
15.0,28013
35.0,28048
10.0,28058
12.0,28070
23.0,28093
36.0,28129
14.0,28143
10.0,28153
11.0,28164
18.0,28182
20.0,28202
23.0,28225
15.0,28240
26.0,28266
21.0,28287
28.0,28315
16.0,28331
27.0,28358
21.0,28379
12.0,28391
27.0,28418
24.0,28442
12.0,28454
10.0,28464
12.0,28476
14.0,28490
16.0,28506
16.0,28522
15.0,28537
19.0,28556
15.0,28571
20.0,28591
11.0,28602
37.0,28639
13.0,28652
14.0,28666
15.0,28681
23.0,28704
18.0,28722
25.0,28747
14.0,28761
13.0,28774
14.0,28788
45.0,28833
18.0,28851
13.0,28864
11.0,28875
33.0,28908
22.0,28930
12.0,28942
12.0,28954
12.0,28966
19.0,28985
26.0,29011
15.0,29026
20.0,29046
16.0,29062
17.0,29079
15.0,29094
13.0,29107
24.0,29131
21.0,29152
16.0,29168
9.0,29177
14.0,29191
11.0,29202
36.0,29238
15.0,29253
14.0,29267
13.0,29280
11.0,29291
14.0,29305
14.0,29319
17.0,29336
39.0,29375
17.0,29392
15.0,29407
18.0,29425
39.0,29464
13.0,29477
14.0,29491
26.0,29517
8.0,29525
31.0,29556
18.0,29574
33.0,29607
29.0,29636
38.0,29674
44.0,29718
24.0,29742
9.0,29751
15.0,29766
13.0,29779
17.0,29796
12.0,29808
25.0,29833
16.0,29849
21.0,29870
9.0,29879
28.0,29907
15.0,29922
14.0,29936
10.0,29946
10.0,29956
14.0,29970
20.0,29990
25.0,30015
11.0,30026
18.0,30044
16.0,30060
20.0,30080
11.0,30091
27.0,30118
11.0,30129
16.0,30145
11.0,30156
11.0,30167
37.0,30204
34.0,30238
26.0,30264
12.0,30276
44.0,30320
19.0,30339
39.0,30378
21.0,30399
9.0,30408
18.0,30426
15.0,30441
35.0,30476
18.0,30494
20.0,30514
13.0,30527
30.0,30557
20.0,30577
14.0,30591
9.0,30600
17.0,30617
10.0,30627
11.0,30638
16.0,30654
16.0,30670
13.0,30683
21.0,30704
12.0,30716
20.0,30736
17.0,30753
19.0,30772
17.0,30789
16.0,30805
13.0,30818
11.0,30829
16.0,30845
10.0,30855
11.0,30866
18.0,30884
27.0,30911
16.0,30927
11.0,30938
11.0,30949
15.0,30964
16.0,30980
13.0,30993
12.0,31005
46.0,31051
15.0,31066
20.0,31086
11.0,31097
15.0,31112
10.0,31122
12.0,31134
12.0,31146
25.0,31171
19.0,31190
15.0,31205
8.0,31213
19.0,31232
16.0,31248
16.0,31264
16.0,31280
41.0,31321
10.0,31331
30.0,31361
12.0,31373
13.0,31386
9.0,31395
9.0,31404
39.0,31443
12.0,31455
20.0,31475
16.0,31491
10.0,31501
11.0,31512
19.0,31531
11.0,31542
11.0,31553
13.0,31566
10.0,31576
42.0,31618
23.0,31641
11.0,31652
28.0,31680
19.0,31699
12.0,31711
21.0,31732
29.0,31761
10.0,31771
12.0,31783
12.0,31795
14.0,31809
21.0,31830
11.0,31841
27.0,31868
17.0,31885
28.0,31913
16.0,31929
32.0,31961
9.0,31970
47.0,32017
16.0,32033
26.0,32059
38.0,32097
30.0,32127
66.0,32193
53.0,32246
48.0,32294
18.0,32312
31.0,32343
45.0,32388
31.0,32419
65.0,32484
16.0,32500
17.0,32517
20.0,32537
13.0,32550
24.0,32574
57.0,32631
18.0,32649
26.0,32675
22.0,32697
13.0,32710
14.0,32724
15.0,32739
12.0,32751
12.0,32763
12.0,32775
13.0,32788
55.0,32843
10.0,32853
10.0,32863
74.0,32937
62.0,32999
54.0,33053
24.0,33077
37.0,33114
26.0,33140
101.0,33241
39.0,33280
52.0,33332
14.0,33346
13.0,33359
16.0,33375
22.0,33397
35.0,33432
102.0,33534
19.0,33553
17.0,33570
36.0,33606
11.0,33617
17.0,33634
19.0,33653
65.0,33718
114.0,33832
16.0,33848
35.0,33883
33.0,33916
46.0,33962
24.0,33986
9.0,33995
20.0,34015
52.0,34067
34.0,34101
27.0,34128
53.0,34181
19.0,34200
73.0,34273
49.0,34322
16.0,34338
13.0,34351
10.0,34361
11.0,34372
19.0,34391
55.0,34446
31.0,34477
61.0,34538
40.0,34578
22.0,34600
25.0,34625
74.0,34699
112.0,34811
72.0,34883
30.0,34913
24.0,34937
70.0,35007
18.0,35025
20.0,35045
140.0,35185
43.0,35228
15.0,35243
60.0,35303
68.0,35371
18.0,35389
22.0,35411
22.0,35433
22.0,35455
24.0,35479
48.0,35527
77.0,35604
37.0,35641
36.0,35677
16.0,35693
22.0,35715
24.0,35739
10.0,35749
60.0,35809
23.0,35832
118.0,35950
80.0,36030
23.0,36053
15.0,36068
86.0,36154
89.0,36243
25.0,36268
17.0,36285
22.0,36307
10.0,36317
32.0,36349
20.0,36369
44.0,36413
86.0,36499
15.0,36514
28.0,36542
49.0,36591
24.0,36615
67.0,36682
32.0,36714
14.0,36728
54.0,36782
165.0,36947
17.0,36964
23.0,36987
148.0,37135
26.0,37161
9.0,37170
20.0,37190
61.0,37251
70.0,37321
74.0,37395
15.0,37410
60.0,37470
50.0,37520
17.0,37537
13.0,37550
8.0,37558
9.0,37567
23.0,37590
100.0,37690
18.0,37708
56.0,37764
76.0,37840
70.0,37910
10.0,37920
58.0,37978
29.0,38007
15.0,38022
26.0,38048
13.0,38061
35.0,38096
13.0,38109
140.0,38249
23.0,38272
61.0,38333
37.0,38370
30.0,38400
102.0,38502
137.0,38639
34.0,38673
31.0,38704
90.0,38794
17.0,38811
85.0,38896
57.0,38953
108.0,39061
35.0,39096
74.0,39170
30.0,39200
13.0,39213
16.0,39229
31.0,39260
136.0,39396
54.0,39450
53.0,39503
12.0,39515
42.0,39557
15.0,39572
63.0,39635
19.0,39654
19.0,39673
26.0,39699
63.0,39762
23.0,39785
25.0,39810
25.0,39835
33.0,39868
88.0,39956
50.0,40006
65.0,40071
20.0,40091
39.0,40130
33.0,40163
9.0,40172
57.0,40229
21.0,40250
24.0,40274
23.0,40297
156.0,40453
137.0,40590
8.0,40598
13.0,40611
13.0,40624
11.0,40635
48.0,40683
33.0,40716
14.0,40730
76.0,40806
48.0,40854
20.0,40874
18.0,40892
30.0,40922
23.0,40945
12.0,40957
11.0,40968
12.0,40980
51.0,41031
34.0,41065
65.0,41130
176.0,41306
15.0,41321
13.0,41334
9.0,41343
27.0,41370
33.0,41403
33.0,41436
18.0,41454
16.0,41470
17.0,41487
97.0,41584
47.0,41631
14.0,41645
63.0,41708
56.0,41764
62.0,41826
102.0,41928
33.0,41961
14.0,41975
20.0,41995
17.0,42012
43.0,42055
45.0,42100
45.0,42145
25.0,42170
20.0,42190
18.0,42208
137.0,42345
31.0,42376
17.0,42393
14.0,42407
36.0,42443
38.0,42481
38.0,42519
18.0,42537
113.0,42650
136.0,42786
39.0,42825
19.0,42844
46.0,42890
107.0,42997
18.0,43015
12.0,43027
138.0,43165
74.0,43239
16.0,43255
124.0,43379
69.0,43448
17.0,43465
33.0,43498
99.0,43597
33.0,43630
25.0,43655
24.0,43679
28.0,43707
23.0,43730
55.0,43785
14.0,43799
12.0,43811
26.0,43837
67.0,43904
22.0,43926
41.0,43967
46.0,44013
126.0,44139
13.0,44152
17.0,44169
23.0,44192
23.0,44215
73.0,44288
42.0,44330
45.0,44375
65.0,44440
16.0,44456
43.0,44499
23.0,44522
25.0,44547
18.0,44565
11.0,44576
57.0,44633
37.0,44670
33.0,44703
167.0,44870
78.0,44948
84.0,45032
20.0,45052
14.0,45066
85.0,45151
67.0,45218
38.0,45256
21.0,45277
14.0,45291
50.0,45341
83.0,45424
17.0,45441
14.0,45455
23.0,45478
17.0,45495
29.0,45524
64.0,45588
38.0,45626
31.0,45657
24.0,45681
23.0,45704
42.0,45746
16.0,45762
17.0,45779
12.0,45791
59.0,45850
133.0,45983
95.0,46078
142.0,46220
70.0,46290
89.0,46379
38.0,46417
57.0,46474
147.0,46621
41.0,46662
21.0,46683
102.0,46785
27.0,46812
24.0,46836
10.0,46846
35.0,46881
11.0,46892
11.0,46903
17.0,46920
24.0,46944
15.0,46959
11.0,46970
66.0,47036
27.0,47063
61.0,47124
64.0,47188
26.0,47214
69.0,47283
65.0,47348
47.0,47395
45.0,47440
19.0,47459
169.0,47628
14.0,47642
56.0,47698
97.0,47795
16.0,47811
31.0,47842
26.0,47868
50.0,47918
132.0,48050
15.0,48065
54.0,48119
18.0,48137
17.0,48154
22.0,48176
18.0,48194
18.0,48212
30.0,48242
92.0,48334
115.0,48449
13.0,48462
20.0,48482
83.0,48565
14.0,48579
47.0,48626
12.0,48638
17.0,48655
12.0,48667
31.0,48698
11.0,48709
14.0,48723
56.0,48779
22.0,48801
76.0,48877
19.0,48896
88.0,48984
46.0,49030
28.0,49058
18.0,49076
44.0,49120
46.0,49166
33.0,49199
26.0,49225
114.0,49339
129.0,49468
38.0,49506
24.0,49530
22.0,49552
56.0,49608
59.0,49667
25.0,49692
14.0,49706
21.0,49727
27.0,49754
21.0,49775
27.0,49802
19.0,49821
186.0,50007
32.0,50039
64.0,50103
90.0,50193
28.0,50221
35.0,50256
56.0,50312
29.0,50341
39.0,50380
17.0,50397
23.0,50420
109.0,50529
91.0,50620
12.0,50632
40.0,50672
15.0,50687
32.0,50719
24.0,50743
38.0,50781
78.0,50859
77.0,50936
15.0,50951
68.0,51019
11.0,51030
31.0,51061
26.0,51087
18.0,51105
14.0,51119
108.0,51227
161.0,51388
114.0,51502
30.0,51532
17.0,51549
48.0,51597
23.0,51620
39.0,51659
162.0,51821
11.0,51832
18.0,51850
12.0,51862
20.0,51882
27.0,51909
11.0,51920
10.0,51930
14.0,51944
12.0,51956
11.0,51967
11.0,51978
18.0,51996
69.0,52065
35.0,52100
14.0,52114
14.0,52128
16.0,52144
14.0,52158
16.0,52174
14.0,52188
12.0,52200
36.0,52236
62.0,52298
14.0,52312
73.0,52385
41.0,52426
78.0,52504
23.0,52527
53.0,52580
18.0,52598
91.0,52689
81.0,52770
29.0,52799
95.0,52894
160.0,53054
171.0,53225
14.0,53239
118.0,53357
140.0,53497
33.0,53530
12.0,53542
117.0,53659
147.0,53806
12.0,53818
12.0,53830
89.0,53919
22.0,53941
28.0,53969
11.0,53980
169.0,54149
27.0,54176
41.0,54217
18.0,54235
14.0,54249
13.0,54262
11.0,54273
14.0,54287
20.0,54307
13.0,54320
147.0,54467
15.0,54482
15.0,54497
13.0,54510
25.0,54535
12.0,54547
11.0,54558
10.0,54568
11.0,54579
42.0,54621
69.0,54690
26.0,54716
76.0,54792
84.0,54876
53.0,54929
24.0,54953
30.0,54983
13.0,54996
27.0,55023
23.0,55046
33.0,55079
20.0,55099
34.0,55133
40.0,55173
102.0,55275
129.0,55404
125.0,55529
38.0,55567
85.0,55652
15.0,55667
68.0,55735
20.0,55755
26.0,55781
17.0,55798
15.0,55813
11.0,55824
93.0,55917
17.0,55934
13.0,55947
15.0,55962
17.0,55979
12.0,55991
18.0,56009
20.0,56029
22.0,56051
109.0,56160
21.0,56181
14.0,56195
13.0,56208
21.0,56229
14.0,56243
21.0,56264
67.0,56331
14.0,56345
18.0,56363
22.0,56385
11.0,56396
108.0,56504
148.0,56652
19.0,56671
267.0,56938
163.0,57101
134.0,57235
97.0,57332
88.0,57420
34.0,57454
152.0,57606
13.0,57619
13.0,57632
14.0,57646
158.0,57804
16.0,57820
96.0,57916
23.0,57939
84.0,58023
144.0,58167
156.0,58323
167.0,58490
14.0,58504
163.0,58667
136.0,58803
130.0,58933
156.0,59089
15.0,59104
12.0,59116
12.0,59128
10.0,59138
15.0,59153
55.0,59208
80.0,59288
21.0,59309
13.0,59322
24.0,59346
12.0,59358
13.0,59371
13.0,59384
31.0,59415
18.0,59433
12.0,59445
11.0,59456
15.0,59471
10.0,59481
11.0,59492
37.0,59529
14.0,59543
17.0,59560
13.0,59573
10.0,59583
17.0,59600
18.0,59618
123.0,59741
20.0,59761
16.0,59777
101.0,59878
95.0,59973
65.0,60038
14.0,60052
25.0,60077
22.0,60099
105.0,60204
84.0,60288
66.0,60354
63.0,60417
41.0,60458
14.0,60472
117.0,60589
63.0,60652
200.0,60852
34.0,60886
110.0,60996
20.0,61016
20.0,61036
21.0,61057
24.0,61081
14.0,61095
23.0,61118
16.0,61134
24.0,61158
11.0,61169
26.0,61195
21.0,61216
17.0,61233
157.0,61390
132.0,61522
61.0,61583
68.0,61651
107.0,61758
17.0,61775
12.0,61787
15.0,61802
26.0,61828
20.0,61848
24.0,61872
65.0,61937
55.0,61992
24.0,62016
15.0,62031
43.0,62074
35.0,62109
18.0,62127
18.0,62145
14.0,62159
15.0,62174
62.0,62236
20.0,62256
25.0,62281
111.0,62392
13.0,62405
14.0,62419
43.0,62462
40.0,62502
20.0,62522
15.0,62537
22.0,62559
12.0,62571
49.0,62620
38.0,62658
15.0,62673
132.0,62805
21.0,62826
21.0,62847
83.0,62930
79.0,63009
28.0,63037
10.0,63047
9.0,63056
14.0,63070
12.0,63082
21.0,63103
85.0,63188
36.0,63224
23.0,63247
18.0,63265
22.0,63287
12.0,63299
12.0,63311
11.0,63322
17.0,63339
16.0,63355
97.0,63452
116.0,63568
86.0,63654
127.0,63781
39.0,63820
23.0,63843
23.0,63866
15.0,63881
12.0,63893
10.0,63903
17.0,63920
13.0,63933
11.0,63944
10.0,63954
20.0,63974
67.0,64041
27.0,64068
18.0,64086
96.0,64182
33.0,64215
30.0,64245
20.0,64265
14.0,64279
13.0,64292
14.0,64306
111.0,64417
17.0,64434
15.0,64449
11.0,64460
48.0,64508
24.0,64532
10.0,64542
13.0,64555
10.0,64565
13.0,64578
11.0,64589
11.0,64600
135.0,64735
19.0,64754
92.0,64846
25.0,64871
29.0,64900
89.0,64989
44.0,65033
10.0,65043
75.0,65118
21.0,65139
19.0,65158
90.0,65248
35.0,65283
36.0,65319
127.0,65446
164.0,65610
113.0,65723
134.0,65857
16.0,65873
77.0,65950
93.0,66043
34.0,66077
75.0,66152
96.0,66248
15.0,66263
95.0,66358
39.0,66397
26.0,66423
19.0,66442
22.0,66464
16.0,66480
16.0,66496
25.0,66521
21.0,66542
16.0,66558
18.0,66576
150.0,66726
134.0,66860
133.0,66993
115.0,67108
47.0,67155
26.0,67181
12.0,67193
18.0,67211
95.0,67306
151.0,67457
14.0,67471
14.0,67485
43.0,67528
18.0,67546
13.0,67559
9.0,67568
12.0,67580
13.0,67593
20.0,67613
149.0,67762
150.0,67912
139.0,68051
149.0,68200
155.0,68355
218.0,68573
124.0,68697
134.0,68831
143.0,68974
168.0,69142
151.0,69293
151.0,69444
17.0,69461
83.0,69544
125.0,69669
167.0,69836
178.0,70014
125.0,70139
181.0,70320
170.0,70490
166.0,70656
96.0,70752
11.0,70763
204.0,70967
176.0,71143
13.0,71156
208.0,71364
16.0,71380
21.0,71401
83.0,71484
12.0,71496
12.0,71508
20.0,71528
13.0,71541
15.0,71556
54.0,71610
20.0,71630
11.0,71641
13.0,71654
11.0,71665
119.0,71784
90.0,71874
94.0,71968
67.0,72035
90.0,72125
18.0,72143
12.0,72155
16.0,72171
86.0,72257
59.0,72316
98.0,72414
100.0,72514
123.0,72637
232.0,72869
32.0,72901
95.0,72996
90.0,73086
162.0,73248
105.0,73353
71.0,73424
15.0,73439
84.0,73523
75.0,73598
129.0,73727
74.0,73801
12.0,73813
15.0,73828
15.0,73843
13.0,73856
16.0,73872
20.0,73892
63.0,73955
55.0,74010
13.0,74023
13.0,74036
16.0,74052
14.0,74066
19.0,74085
13.0,74098
11.0,74109
14.0,74123
11.0,74134
14.0,74148
17.0,74165
19.0,74184
13.0,74197
18.0,74215
91.0,74306
148.0,74454
70.0,74524
151.0,74675
118.0,74793
158.0,74951
137.0,75088
126.0,75214
112.0,75326
77.0,75403
20.0,75423
98.0,75521
17.0,75538
14.0,75552
15.0,75567
17.0,75584
20.0,75604
83.0,75687
19.0,75706
119.0,75825
127.0,75952
33.0,75985
84.0,76069
16.0,76085
13.0,76098
11.0,76109
10.0,76119
13.0,76132
10.0,76142
16.0,76158
12.0,76170
18.0,76188
30.0,76218
25.0,76243
15.0,76258
15.0,76273
15.0,76288
12.0,76300
13.0,76313
18.0,76331
18.0,76349
124.0,76473
50.0,76523
95.0,76618
103.0,76721
22.0,76743
80.0,76823
10.0,76833
11.0,76844
14.0,76858
16.0,76874
25.0,76899
9.0,76908
11.0,76919
10.0,76929
17.0,76946
11.0,76957
10.0,76967
20.0,76987
24.0,77011
25.0,77036
17.0,77053
11.0,77064
11.0,77075
16.0,77091
13.0,77104
16.0,77120
16.0,77136
14.0,77150
20.0,77170
13.0,77183
11.0,77194
15.0,77209
15.0,77224
13.0,77237
12.0,77249
11.0,77260
13.0,77273
15.0,77288
19.0,77307
118.0,77425
118.0,77543
34.0,77577
129.0,77706
110.0,77816
118.0,77934
55.0,77989
22.0,78011
76.0,78087
116.0,78203
105.0,78308
121.0,78429
123.0,78552
94.0,78646
95.0,78741
73.0,78814
92.0,78906
127.0,79033
97.0,79130
97.0,79227
86.0,79313
146.0,79459
133.0,79592
96.0,79688
89.0,79777
119.0,79896
185.0,80081
133.0,80214
81.0,80295
84.0,80379
104.0,80483
196.0,80679
149.0,80828
87.0,80915
38.0,80953
125.0,81078
16.0,81094
100.0,81194
104.0,81298
126.0,81424
91.0,81515
222.0,81737
10.0,81747
77.0,81824
70.0,81894
13.0,81907
16.0,81923
80.0,82003
16.0,82019
92.0,82111
89.0,82200
30.0,82230
195.0,82425
136.0,82561
16.0,82577
24.0,82601
16.0,82617
141.0,82758
145.0,82903
152.0,83055
196.0,83251
92.0,83343
68.0,83411
19.0,83430
63.0,83493
15.0,83508
10.0,83518
12.0,83530
15.0,83545
22.0,83567
81.0,83648
101.0,83749
133.0,83882
121.0,84003
134.0,84137
125.0,84262
12.0,84274
145.0,84419
158.0,84577
86.0,84663
124.0,84787
93.0,84880
79.0,84959
15.0,84974
18.0,84992
80.0,85072
37.0,85109
114.0,85223
159.0,85382
155.0,85537
212.0,85749
15.0,85764
155.0,85919
34.0,85953
23.0,85976
119.0,86095
11.0,86106
17.0,86123
14.0,86137
32.0,86169
85.0,86254
15.0,86269
17.0,86286
15.0,86301
20.0,86321
17.0,86338
21.0,86359
238.0,86597
45.0,86642
40.0,86682
90.0,86772
51.0,86823
22.0,86845
19.0,86864
16.0,86880
84.0,86964
101.0,87065
91.0,87156
76.0,87232
16.0,87248
82.0,87330
18.0,87348
78.0,87426
90.0,87516
86.0,87602
17.0,87619
16.0,87635
89.0,87724
83.0,87807
86.0,87893
98.0,87991
107.0,88098
335.0,88433
22.0,88455
108.0,88563
82.0,88645
13.0,88658
12.0,88670
12.0,88682
16.0,88698
12.0,88710
15.0,88725
10.0,88735
11.0,88746
12.0,88758
11.0,88769
11.0,88780
12.0,88792
14.0,88806
16.0,88822
18.0,88840
14.0,88854
16.0,88870
15.0,88885
12.0,88897
15.0,88912
44.0,88956
144.0,89100
119.0,89219
307.0,89526
117.0,89643
127.0,89770
100.0,89870
98.0,89968
107.0,90075
18.0,90093
16.0,90109
15.0,90124
13.0,90137
15.0,90152
15.0,90167
14.0,90181
154.0,90335
225.0,90560
151.0,90711
143.0,90854
19.0,90873
147.0,91020
148.0,91168
135.0,91303
125.0,91428
91.0,91519
139.0,91658
70.0,91728
93.0,91821
19.0,91840
13.0,91853
13.0,91866
13.0,91879
11.0,91890
13.0,91903
14.0,91917
18.0,91935
25.0,91960
90.0,92050
50.0,92100
14.0,92114
14.0,92128
14.0,92142
15.0,92157
119.0,92276
137.0,92413
141.0,92554
215.0,92769
147.0,92916
150.0,93066
129.0,93195
187.0,93382
161.0,93543
184.0,93727
121.0,93848
137.0,93985
115.0,94100
203.0,94303
114.0,94417
16.0,94433
16.0,94449
13.0,94462
15.0,94477
12.0,94489
11.0,94500
11.0,94511
13.0,94524
9.0,94533
12.0,94545
10.0,94555
12.0,94567
10.0,94577
17.0,94594
314.0,94908
134.0,95042
162.0,95204
232.0,95436
177.0,95613
187.0,95800
10.0,95810
177.0,95987
205.0,96192
135.0,96327
163.0,96490
163.0,96653
140.0,96793
119.0,96912
190.0,97102
187.0,97289
173.0,97462
150.0,97612
142.0,97754
93.0,97847
9.0,97856
11.0,97867
11.0,97878
140.0,98018
128.0,98146
148.0,98294
128.0,98422
131.0,98553
18.0,98571
16.0,98587
79.0,98666
120.0,98786
162.0,98948
276.0,99224
257.0,99481
149.0,99630
206.0,99836
136.0,99972
111.0,100083
115.0,100198
121.0,100319
17.0,100336
145.0,100481
115.0,100596
279.0,100875
167.0,101042
116.0,101158
125.0,101283
126.0,101409
117.0,101526
258.0,101784
129.0,101913
13.0,101926
13.0,101939
83.0,102022
103.0,102125
117.0,102242
125.0,102367
112.0,102479
120.0,102599
117.0,102716
17.0,102733
11.0,102744
12.0,102756
18.0,102774
119.0,102893
135.0,103028
133.0,103161
192.0,103353
18.0,103371
16.0,103387
119.0,103506
108.0,103614
134.0,103748
205.0,103953
149.0,104102
119.0,104221
133.0,104354
14.0,104368
11.0,104379
14.0,104393
15.0,104408
13.0,104421
17.0,104438
117.0,104555
251.0,104806
106.0,104912
230.0,105142
109.0,105251
146.0,105397
151.0,105548
90.0,105638
91.0,105729
124.0,105853
135.0,105988
115.0,106103
208.0,106311
165.0,106476
167.0,106643
188.0,106831
142.0,106973
11.0,106984
105.0,107089
105.0,107194
122.0,107316
173.0,107489
234.0,107723
107.0,107830
134.0,107964
500.0,108464
168.0,108632
225.0,108857
122.0,108979
15.0,108994
11.0,109005
11.0,109016
10.0,109026
15.0,109041
10.0,109051
15.0,109066
15.0,109081
19.0,109100
70.0,109170
104.0,109274
121.0,109395
145.0,109540
103.0,109643
88.0,109731
24.0,109755
15.0,109770
18.0,109788
18.0,109806
18.0,109824
15.0,109839
95.0,109934
93.0,110027
111.0,110138
240.0,110378
145.0,110523
259.0,110782
105.0,110887
100.0,110987
137.0,111124
127.0,111251
109.0,111360
166.0,111526
197.0,111723
205.0,111928
216.0,112144
161.0,112305
155.0,112460
145.0,112605
160.0,112765
123.0,112888
168.0,113056
201.0,113257
100.0,113357
111.0,113468
136.0,113604
81.0,113685
20.0,113705
15.0,113720
15.0,113735
13.0,113748
11.0,113759
13.0,113772
10.0,113782
12.0,113794
11.0,113805
10.0,113815
9.0,113824
11.0,113835
12.0,113847
11.0,113858
10.0,113868
12.0,113880
10.0,113890
12.0,113902
13.0,113915
10.0,113925
9.0,113934
9.0,113943
9.0,113952
9.0,113961
8.0,113969
9.0,113978
12.0,113990
10.0,114000
11.0,114011
12.0,114023
13.0,114036
13.0,114049
103.0,114152
138.0,114290
129.0,114419
205.0,114624
160.0,114784
260.0,115044
188.0,115232
104.0,115336
176.0,115512
151.0,115663
120.0,115783
277.0,116060
88.0,116148
103.0,116251
84.0,116335
88.0,116423
160.0,116583
125.0,116708
112.0,116820
188.0,117008
116.0,117124
162.0,117286
148.0,117434
93.0,117527
92.0,117619
165.0,117784
135.0,117919
106.0,118025
16.0,118041
10.0,118051
11.0,118062
13.0,118075
12.0,118087
121.0,118208
14.0,118222
9.0,118231
156.0,118387
124.0,118511
123.0,118634
102.0,118736
93.0,118829
27.0,118856
12.0,118868
13.0,118881
9.0,118890
9.0,118899
10.0,118909
10.0,118919
10.0,118929
11.0,118940
11.0,118951
14.0,118965
12.0,118977
17.0,118994
149.0,119143
8.0,119151
9.0,119160
9.0,119169
11.0,119180
10.0,119190
13.0,119203
31.0,119234
10.0,119244
10.0,119254
8.0,119262
10.0,119272
8.0,119280
11.0,119291
10.0,119301
9.0,119310
9.0,119319
11.0,119330
11.0,119341
9.0,119350
11.0,119361
9.0,119370
11.0,119381
12.0,119393
148.0,119541
28.0,119569
17.0,119586
19.0,119605
20.0,119625
79.0,119704
74.0,119778
77.0,119855
120.0,119975
95.0,120070
122.0,120192
162.0,120354
127.0,120481
76.0,120557
87.0,120644
86.0,120730
92.0,120822
164.0,120986
294.0,121280
209.0,121489
364.0,121853
134.0,121987
249.0,122236
173.0,122409
150.0,122559
129.0,122688
318.0,123006
139.0,123145
293.0,123438
164.0,123602
155.0,123757
69.0,123826
64.0,123890
74.0,123964
81.0,124045
70.0,124115
98.0,124213
87.0,124300
151.0,124451
96.0,124547
292.0,124839
106.0,124945
111.0,125056
352.0,125408
207.0,125615
229.0,125844
237.0,126081
232.0,126313
188.0,126501
371.0,126872
500.0,127372
311.0,127683
133.0,127816
182.0,127998
140.0,128138
155.0,128293
106.0,128399
122.0,128521
180.0,128701
109.0,128810
157.0,128967
311.0,129278
212.0,129490
128.0,129618
156.0,129774
243.0,130017
113.0,130130
117.0,130247
112.0,130359
94.0,130453
91.0,130544
115.0,130659
155.0,130814
169.0,130983
209.0,131192
171.0,131363
259.0,131622
103.0,131725
88.0,131813
70.0,131883
91.0,131974
162.0,132136
133.0,132269
120.0,132389
34.0,132423
78.0,132501
81.0,132582
72.0,132654
77.0,132731
69.0,132800
91.0,132891
78.0,132969
54.0,133023
69.0,133092
87.0,133179
90.0,133269
90.0,133359
89.0,133448
79.0,133527
87.0,133614
81.0,133695
151.0,133846
181.0,134027
114.0,134141
97.0,134238
129.0,134367
115.0,134482
113.0,134595
92.0,134687
76.0,134763
104.0,134867
72.0,134939
76.0,135015
88.0,135103
91.0,135194
65.0,135259
122.0,135381
65.0,135446
42.0,135488
17.0,135505
15.0,135520
12.0,135532
13.0,135545
15.0,135560
13.0,135573
20.0,135593
26.0,135619
68.0,135687
55.0,135742
30.0,135772
42.0,135814
54.0,135868
62.0,135930
76.0,136006
81.0,136087
72.0,136159
68.0,136227
56.0,136283
63.0,136346
43.0,136389
23.0,136412
23.0,136435
63.0,136498
64.0,136562
77.0,136639
74.0,136713
26.0,136739
19.0,136758
19.0,136777
16.0,136793
13.0,136806
14.0,136820
14.0,136834
27.0,136861
24.0,136885
17.0,136902
14.0,136916
11.0,136927
13.0,136940
11.0,136951
10.0,136961
10.0,136971
13.0,136984
11.0,136995
14.0,137009
22.0,137031
40.0,137071
62.0,137133
22.0,137155
19.0,137174
73.0,137247
90.0,137337
83.0,137420
103.0,137523
218.0,137741
130.0,137871
500.0,138371
111.0,138482
229.0,138711
37.0,138748
68.0,138816
66.0,138882
72.0,138954
78.0,139032
70.0,139102
59.0,139161
57.0,139218
73.0,139291
67.0,139358
25.0,139383
83.0,139466
84.0,139550
71.0,139621
82.0,139703
76.0,139779
83.0,139862
90.0,139952
84.0,140036
75.0,140111
79.0,140190
86.0,140276
74.0,140350
82.0,140432
77.0,140509
21.0,140530
20.0,140550
86.0,140636
87.0,140723
107.0,140830
205.0,141035
198.0,141233
150.0,141383
142.0,141525
73.0,141598
77.0,141675
67.0,141742
75.0,141817
23.0,141840
17.0,141857
16.0,141873
84.0,141957
84.0,142041
84.0,142125
57.0,142182
23.0,142205
23.0,142228
71.0,142299
91.0,142390
159.0,142549
117.0,142666
229.0,142895
131.0,143026
14.0,143040
125.0,143165
57.0,143222
22.0,143244
30.0,143274
80.0,143354
88.0,143442
124.0,143566
119.0,143685
102.0,143787
104.0,143891
119.0,144010
119.0,144129
131.0,144260
187.0,144447
147.0,144594
248.0,144842
246.0,145088
239.0,145327
213.0,145540
235.0,145775
158.0,145933
98.0,146031
121.0,146152
118.0,146270
133.0,146403
133.0,146536
154.0,146690
192.0,146882
203.0,147085
161.0,147246
225.0,147471
125.0,147596
66.0,147662
17.0,147679
181.0,147860
156.0,148016
280.0,148296
168.0,148464
213.0,148677
120.0,148797
205.0,149002
157.0,149159
251.0,149410
274.0,149684
153.0,149837
153.0,149990
432.0,150422
143.0,150565
101.0,150666
28.0,150694
91.0,150785
222.0,151007
150.0,151157
16.0,151173
87.0,151260
329.0,151589
23.0,151612
134.0,151746
300.0,152046
318.0,152364
214.0,152578
342.0,152920
84.0,153004
87.0,153091
121.0,153212
104.0,153316
89.0,153405
22.0,153427
19.0,153446
22.0,153468
75.0,153543
20.0,153563
23.0,153586
15.0,153601
18.0,153619
18.0,153637
17.0,153654
22.0,153676
149.0,153825
199.0,154024
182.0,154206
96.0,154302
119.0,154421
125.0,154546
227.0,154773
177.0,154950
203.0,155153
130.0,155283
476.0,155759
318.0,156077
101.0,156178
78.0,156256
62.0,156318
66.0,156384
19.0,156403
28.0,156431
31.0,156462
49.0,156511
27.0,156538
21.0,156559
21.0,156580
13.0,156593
79.0,156672
98.0,156770
85.0,156855
90.0,156945
72.0,157017
23.0,157040
20.0,157060
16.0,157076
22.0,157098
18.0,157116
18.0,157134
20.0,157154
16.0,157170
19.0,157189
18.0,157207
19.0,157226
20.0,157246
17.0,157263
19.0,157282
13.0,157295
15.0,157310
14.0,157324
14.0,157338
17.0,157355
14.0,157369
11.0,157380
10.0,157390
14.0,157404
12.0,157416
15.0,157431
21.0,157452
17.0,157469
13.0,157482
12.0,157494
10.0,157504
12.0,157516
10.0,157526
11.0,157537
16.0,157553
10.0,157563
10.0,157573
13.0,157586
12.0,157598
14.0,157612
14.0,157626
18.0,157644
13.0,157657
14.0,157671
11.0,157682
12.0,157694
11.0,157705
11.0,157716
13.0,157729
12.0,157741
12.0,157753
10.0,157763
14.0,157777
18.0,157795
12.0,157807
111.0,157918
12.0,157930
15.0,157945
17.0,157962
62.0,158024
15.0,158039
16.0,158055
23.0,158078
24.0,158102
23.0,158125
31.0,158156
39.0,158195
29.0,158224
27.0,158251
19.0,158270
20.0,158290
23.0,158313
17.0,158330
18.0,158348
27.0,158375
77.0,158452
48.0,158500
61.0,158561
35.0,158596
30.0,158626
23.0,158649
19.0,158668
17.0,158685
21.0,158706
20.0,158726
24.0,158750
25.0,158775
25.0,158800
18.0,158818
19.0,158837
21.0,158858
17.0,158875
17.0,158892
18.0,158910
25.0,158935
18.0,158953
21.0,158974
19.0,158993
19.0,159012
13.0,159025
15.0,159040
12.0,159052
14.0,159066
15.0,159081
24.0,159105
23.0,159128
16.0,159144
14.0,159158
22.0,159180
18.0,159198
20.0,159218
16.0,159234
15.0,159249
15.0,159264
13.0,159277
11.0,159288
13.0,159301
19.0,159320
21.0,159341
27.0,159368
30.0,159398
83.0,159481
55.0,159536
75.0,159611
70.0,159681
65.0,159746
56.0,159802
70.0,159872
76.0,159948
72.0,160020
76.0,160096
90.0,160186
106.0,160292
128.0,160420
115.0,160535
104.0,160639
138.0,160777
88.0,160865
79.0,160944
116.0,161060
97.0,161157
109.0,161266
290.0,161556
240.0,161796
207.0,162003
148.0,162151
290.0,162441
265.0,162706
102.0,162808
112.0,162920
183.0,163103
350.0,163453
125.0,163578
209.0,163787
149.0,163936
145.0,164081
92.0,164173
88.0,164261
106.0,164367
323.0,164690
101.0,164791
100.0,164891
114.0,165005
99.0,165104
167.0,165271
145.0,165416
147.0,165563
215.0,165778
166.0,165944
181.0,166125
117.0,166242
128.0,166370
148.0,166518
173.0,166691
477.0,167168
127.0,167295
179.0,167474
207.0,167681
108.0,167789
107.0,167896
235.0,168131
364.0,168495
147.0,168642
134.0,168776
190.0,168966
200.0,169166
242.0,169408
168.0,169576
500.0,170076
124.0,170200
277.0,170477
293.0,170770
94.0,170864
144.0,171008
141.0,171149
100.0,171249
122.0,171371
111.0,171482
154.0,171636
188.0,171824
210.0,172034
157.0,172191
216.0,172407
145.0,172552
154.0,172706
125.0,172831
172.0,173003
227.0,173230
152.0,173382
181.0,173563
208.0,173771
259.0,174030
213.0,174243
147.0,174390
147.0,174537
123.0,174660
174.0,174834
167.0,175001
96.0,175097
146.0,175243
147.0,175390
291.0,175681
163.0,175844
95.0,175939
64.0,176003
20.0,176023
137.0,176160
212.0,176372
145.0,176517
105.0,176622
28.0,176650
108.0,176758
103.0,176861
126.0,176987
118.0,177105
32.0,177137
101.0,177238
309.0,177547
164.0,177711
323.0,178034
153.0,178187
102.0,178289
129.0,178418
108.0,178526
182.0,178708
148.0,178856
130.0,178986
183.0,179169
143.0,179312
211.0,179523
459.0,179982
382.0,180364
451.0,180815
131.0,180946
246.0,181192
176.0,181368
158.0,181526
307.0,181833
136.0,181969
22.0,181991
121.0,182112
196.0,182308
124.0,182432
249.0,182681
77.0,182758
23.0,182781
18.0,182799
24.0,182823
96.0,182919
36.0,182955
77.0,183032
96.0,183128
223.0,183351
158.0,183509
97.0,183606
106.0,183712
137.0,183849
16.0,183865
99.0,183964
174.0,184138
92.0,184230
90.0,184320
113.0,184433
212.0,184645
20.0,184665
111.0,184776
177.0,184953
137.0,185090
121.0,185211
142.0,185353
193.0,185546
150.0,185696
156.0,185852
243.0,186095
177.0,186272
151.0,186423
192.0,186615
278.0,186893
272.0,187165
252.0,187417
194.0,187611
201.0,187812
375.0,188187
309.0,188496
278.0,188774
269.0,189043
163.0,189206
90.0,189296
122.0,189418
100.0,189518
20.0,189538
111.0,189649
248.0,189897
234.0,190131
91.0,190222
17.0,190239
21.0,190260
73.0,190333
12.0,190345
11.0,190356
12.0,190368
10.0,190378
12.0,190390
17.0,190407
81.0,190488
132.0,190620
63.0,190683
24.0,190707
109.0,190816
34.0,190850
13.0,190863
15.0,190878
13.0,190891
11.0,190902
12.0,190914
10.0,190924
12.0,190936
11.0,190947
11.0,190958
13.0,190971
13.0,190984
22.0,191006
20.0,191026
17.0,191043
11.0,191054
11.0,191065
11.0,191076
10.0,191086
9.0,191095
11.0,191106
10.0,191116
11.0,191127
11.0,191138
11.0,191149
12.0,191161
11.0,191172
13.0,191185
13.0,191198
11.0,191209
10.0,191219
12.0,191231
11.0,191242
11.0,191253
10.0,191263
12.0,191275
13.0,191288
12.0,191300
14.0,191314
86.0,191400
28.0,191428
20.0,191448
17.0,191465
11.0,191476
12.0,191488
11.0,191499
10.0,191509
10.0,191519
12.0,191531
11.0,191542
11.0,191553
12.0,191565
16.0,191581
15.0,191596
14.0,191610
11.0,191621
14.0,191635
14.0,191649
11.0,191660
11.0,191671
11.0,191682
9.0,191691
10.0,191701
12.0,191713
11.0,191724
13.0,191737
17.0,191754
13.0,191767
16.0,191783
97.0,191880
128.0,192008
125.0,192133
104.0,192237
20.0,192257
109.0,192366
200.0,192566
347.0,192913
182.0,193095
74.0,193169
25.0,193194
109.0,193303
94.0,193397
113.0,193510
164.0,193674
192.0,193866
198.0,194064
123.0,194187
124.0,194311
125.0,194436
126.0,194562
166.0,194728
241.0,194969
115.0,195084
180.0,195264
363.0,195627
309.0,195936
162.0,196098
197.0,196295
304.0,196599
317.0,196916
193.0,197109
163.0,197272
213.0,197485
146.0,197631
211.0,197842
181.0,198023
304.0,198327
294.0,198621
159.0,198780
170.0,198950
277.0,199227
121.0,199348
106.0,199454
128.0,199582
117.0,199699
124.0,199823
98.0,199921
12.0,199933
10.0,199943
12.0,199955
10.0,199965
10.0,199975
12.0,199987
16.0,200003
78.0,200081
11.0,200092
10.0,200102
12.0,200114
10.0,200124
11.0,200135
13.0,200148
11.0,200159
12.0,200171
10.0,200181
13.0,200194
10.0,200204
10.0,200214
12.0,200226
13.0,200239
10.0,200249
9.0,200258
12.0,200270
10.0,200280
9.0,200289
10.0,200299
8.0,200307
10.0,200317
11.0,200328
11.0,200339
9.0,200348
13.0,200361
12.0,200373
107.0,200480
13.0,200493
12.0,200505
9.0,200514
9.0,200523
10.0,200533
10.0,200543
10.0,200553
11.0,200564
9.0,200573
10.0,200583
12.0,200595
58.0,200653
13.0,200666
12.0,200678
9.0,200687
10.0,200697
11.0,200708
10.0,200718
11.0,200729
9.0,200738
10.0,200748
9.0,200757
11.0,200768
11.0,200779
11.0,200790
13.0,200803
13.0,200816
12.0,200828
72.0,200900
16.0,200916
11.0,200927
14.0,200941
14.0,200955
14.0,200969
12.0,200981
18.0,200999
19.0,201018
213.0,201231
117.0,201348
116.0,201464
124.0,201588
109.0,201697
141.0,201838
144.0,201982
165.0,202147
217.0,202364
408.0,202772
289.0,203061
118.0,203179
110.0,203289
114.0,203403
117.0,203520
89.0,203609
99.0,203708
107.0,203815
91.0,203906
92.0,203998
89.0,204087
102.0,204189
104.0,204293
111.0,204404
135.0,204539
112.0,204651
97.0,204748
92.0,204840
93.0,204933
129.0,205062
253.0,205315
145.0,205460
337.0,205797
298.0,206095
196.0,206291
206.0,206497
164.0,206661
489.0,207150
118.0,207268
167.0,207435
110.0,207545
109.0,207654
145.0,207799
119.0,207918
137.0,208055
103.0,208158
111.0,208269
101.0,208370
95.0,208465
101.0,208566
190.0,208756
138.0,208894
106.0,209000
90.0,209090
89.0,209179
99.0,209278
92.0,209370
27.0,209397
17.0,209414
24.0,209438
91.0,209529
113.0,209642
126.0,209768
142.0,209910
182.0,210092
291.0,210383
109.0,210492
99.0,210591
95.0,210686
99.0,210785
110.0,210895
324.0,211219
204.0,211423
155.0,211578
101.0,211679
107.0,211786
103.0,211889
32.0,211921
18.0,211939
22.0,211961
95.0,212056
124.0,212180
135.0,212315
135.0,212450
165.0,212615
167.0,212782
164.0,212946
265.0,213211
241.0,213452
197.0,213649
94.0,213743
116.0,213859
126.0,213985
99.0,214084
137.0,214221
106.0,214327
323.0,214650
267.0,214917
118.0,215035
92.0,215127
22.0,215149
19.0,215168
19.0,215187
13.0,215200
15.0,215215
20.0,215235
19.0,215254
24.0,215278
15.0,215293
15.0,215308
15.0,215323
14.0,215337
12.0,215349
93.0,215442
105.0,215547
120.0,215667
269.0,215936
270.0,216206
149.0,216355
287.0,216642
141.0,216783
168.0,216951
182.0,217133
164.0,217297
25.0,217322
154.0,217476
128.0,217604
117.0,217721
109.0,217830
227.0,218057
183.0,218240
150.0,218390
178.0,218568
196.0,218764
256.0,219020
168.0,219188
164.0,219352
368.0,219720
154.0,219874
104.0,219978
93.0,220071
127.0,220198
287.0,220485
358.0,220843
214.0,221057
187.0,221244
172.0,221416
248.0,221664
256.0,221920
269.0,222189
147.0,222336
170.0,222506
143.0,222649
184.0,222833
500.0,223333
154.0,223487
184.0,223671
197.0,223868
355.0,224223
136.0,224359
163.0,224522
132.0,224654
112.0,224766
161.0,224927
212.0,225139
113.0,225252
25.0,225277
24.0,225301
15.0,225316
73.0,225389
17.0,225406
13.0,225419
14.0,225433
15.0,225448
16.0,225464
100.0,225564
103.0,225667
29.0,225696
19.0,225715
28.0,225743
101.0,225844
120.0,225964
176.0,226140
85.0,226225
24.0,226249
13.0,226262
17.0,226279
120.0,226399
145.0,226544
270.0,226814
102.0,226916
137.0,227053
107.0,227160
111.0,227271
101.0,227372
98.0,227470
102.0,227572
96.0,227668
84.0,227752
100.0,227852
119.0,227971
133.0,228104
216.0,228320
229.0,228549
181.0,228730
98.0,228828
98.0,228926
16.0,228942
98.0,229040
117.0,229157
20.0,229177
13.0,229190
13.0,229203
15.0,229218
15.0,229233
15.0,229248
12.0,229260
14.0,229274
10.0,229284
10.0,229294
9.0,229303
13.0,229316
16.0,229332
18.0,229350
17.0,229367
16.0,229383
14.0,229397
10.0,229407
12.0,229419
12.0,229431
13.0,229444
15.0,229459
100.0,229559
90.0,229649
17.0,229666
18.0,229684
16.0,229700
14.0,229714
19.0,229733
19.0,229752
17.0,229769
13.0,229782
13.0,229795
15.0,229810
11.0,229821
16.0,229837
14.0,229851
14.0,229865
13.0,229878
13.0,229891
21.0,229912
15.0,229927
12.0,229939
15.0,229954
11.0,229965
13.0,229978
11.0,229989
15.0,230004
14.0,230018
14.0,230032
13.0,230045
19.0,230064
18.0,230082
13.0,230095
12.0,230107
19.0,230126
24.0,230150
20.0,230170
15.0,230185
14.0,230199
15.0,230214
14.0,230228
14.0,230242
14.0,230256
15.0,230271
17.0,230288
18.0,230306
19.0,230325
17.0,230342
13.0,230355
14.0,230369
14.0,230383
11.0,230394
13.0,230407
16.0,230423
16.0,230439
21.0,230460
23.0,230483
17.0,230500
20.0,230520
17.0,230537
12.0,230549
17.0,230566
17.0,230583
19.0,230602
20.0,230622
17.0,230639
22.0,230661
19.0,230680
14.0,230694
16.0,230710
19.0,230729
10.0,230739
13.0,230752
13.0,230765
13.0,230778
12.0,230790
15.0,230805
15.0,230820
97.0,230917
120.0,231037
130.0,231167
203.0,231370
195.0,231565
168.0,231733
169.0,231902
255.0,232157
103.0,232260
105.0,232365
106.0,232471
154.0,232625
100.0,232725
115.0,232840
225.0,233065
125.0,233190
206.0,233396
146.0,233542
177.0,233719
144.0,233863
133.0,233996
333.0,234329
123.0,234452
254.0,234706
227.0,234933
111.0,235044
128.0,235172
132.0,235304
100.0,235404
111.0,235515
146.0,235661
165.0,235826
166.0,235992
235.0,236227
248.0,236475
166.0,236641
128.0,236769
326.0,237095
155.0,237250
9.0,237259
10.0,237269
11.0,237280
11.0,237291
15.0,237306
174.0,237480
13.0,237493
14.0,237507
16.0,237523
128.0,237651
135.0,237786
179.0,237965
124.0,238089
130.0,238219
20.0,238239
129.0,238368
213.0,238581
120.0,238701
17.0,238718
110.0,238828
150.0,238978
214.0,239192
198.0,239390
163.0,239553
141.0,239694
180.0,239874
142.0,240016
202.0,240218
225.0,240443
186.0,240629
131.0,240760
170.0,240930
137.0,241067
117.0,241184
135.0,241319
130.0,241449
121.0,241570
124.0,241694
103.0,241797
27.0,241824
96.0,241920
30.0,241950
22.0,241972
111.0,242083
222.0,242305
116.0,242421
19.0,242440
228.0,242668
71.0,242739
73.0,242812
20.0,242832
18.0,242850
18.0,242868
17.0,242885
68.0,242953
16.0,242969
16.0,242985
11.0,242996
13.0,243009
12.0,243021
11.0,243032
12.0,243044
10.0,243054
11.0,243065
14.0,243079
16.0,243095
107.0,243202
132.0,243334
116.0,243450
98.0,243548
92.0,243640
109.0,243749
111.0,243860
102.0,243962
120.0,244082
108.0,244190
115.0,244305
103.0,244408
103.0,244511
106.0,244617
96.0,244713
91.0,244804
90.0,244894
88.0,244982
86.0,245068
86.0,245154
97.0,245251
102.0,245353
92.0,245445
30.0,245475
19.0,245494
18.0,245512
19.0,245531
18.0,245549
18.0,245567
17.0,245584
14.0,245598
16.0,245614
15.0,245629
16.0,245645
13.0,245658
14.0,245672
13.0,245685
17.0,245702
71.0,245773
19.0,245792
14.0,245806
14.0,245820
14.0,245834
17.0,245851
20.0,245871
12.0,245883
20.0,245903
27.0,245930
80.0,246010
66.0,246076
20.0,246096
21.0,246117
17.0,246134
19.0,246153
18.0,246171
15.0,246186
15.0,246201
20.0,246221
16.0,246237
18.0,246255
19.0,246274
12.0,246286
23.0,246309
18.0,246327
14.0,246341
11.0,246352
11.0,246363
10.0,246373
14.0,246387
11.0,246398
10.0,246408
11.0,246419
14.0,246433
73.0,246506
86.0,246592
77.0,246669
22.0,246691
20.0,246711
87.0,246798
79.0,246877
94.0,246971
114.0,247085
103.0,247188
112.0,247300
120.0,247420
134.0,247554
110.0,247664
119.0,247783
91.0,247874
98.0,247972
87.0,248059
105.0,248164
117.0,248281
100.0,248381
138.0,248519
138.0,248657
193.0,248850
136.0,248986
138.0,249124
143.0,249267
106.0,249373
101.0,249474
104.0,249578
98.0,249676
103.0,249779
93.0,249872
22.0,249894
82.0,249976
28.0,250004
26.0,250030
89.0,250119
15.0,250134
91.0,250225
20.0,250245
14.0,250259
13.0,250272
12.0,250284
16.0,250300
13.0,250313
12.0,250325
13.0,250338
10.0,250348
12.0,250360
14.0,250374
13.0,250387
15.0,250402
15.0,250417
15.0,250432
78.0,250510
106.0,250616
94.0,250710
98.0,250808
96.0,250904
99.0,251003
119.0,251122
124.0,251246
157.0,251403
136.0,251539
125.0,251664
162.0,251826
121.0,251947
125.0,252072
144.0,252216
188.0,252404
177.0,252581
99.0,252680
115.0,252795
122.0,252917
122.0,253039
109.0,253148
110.0,253258
85.0,253343
74.0,253417
13.0,253430
16.0,253446
11.0,253457
11.0,253468
13.0,253481
11.0,253492
14.0,253506
12.0,253518
89.0,253607
100.0,253707
102.0,253809
101.0,253910
129.0,254039
116.0,254155
116.0,254271
230.0,254501
141.0,254642
139.0,254781
176.0,254957
137.0,255094
208.0,255302
246.0,255548
226.0,255774
500.0,256274
257.0,256531
157.0,256688
116.0,256804
100.0,256904
94.0,256998
110.0,257108
104.0,257212
16.0,257228
15.0,257243
12.0,257255
14.0,257269
12.0,257281
16.0,257297
17.0,257314
174.0,257488
133.0,257621
148.0,257769
313.0,258082
276.0,258358
176.0,258534
170.0,258704
144.0,258848
158.0,259006
187.0,259193
120.0,259313
141.0,259454
151.0,259605
181.0,259786
110.0,259896
144.0,260040
128.0,260168
141.0,260309
102.0,260411
11.0,260422
13.0,260435
12.0,260447
13.0,260460
155.0,260615
157.0,260772
186.0,260958
200.0,261158
188.0,261346
130.0,261476
120.0,261596
106.0,261702
118.0,261820
111.0,261931
114.0,262045
106.0,262151
112.0,262263
114.0,262377
102.0,262479
115.0,262594
107.0,262701
100.0,262801
104.0,262905
124.0,263029
192.0,263221
286.0,263507
196.0,263703
144.0,263847
339.0,264186
221.0,264407
238.0,264645
337.0,264982
128.0,265110
127.0,265237
123.0,265360
115.0,265475
117.0,265592
156.0,265748
144.0,265892
119.0,266011
155.0,266166
183.0,266349
158.0,266507
172.0,266679
164.0,266843
141.0,266984
124.0,267108
10.0,267118
11.0,267129
11.0,267140
16.0,267156
228.0,267384
13.0,267397
18.0,267415
145.0,267560
11.0,267571
9.0,267580
124.0,267704
213.0,267917
19.0,267936
120.0,268056
127.0,268183
114.0,268297
119.0,268416
142.0,268558
113.0,268671
137.0,268808
163.0,268971
175.0,269146
204.0,269350
160.0,269510
128.0,269638
141.0,269779
107.0,269886
11.0,269897
12.0,269909
13.0,269922
10.0,269932
17.0,269949
122.0,270071
194.0,270265
182.0,270447
191.0,270638
261.0,270899
139.0,271038
120.0,271158
126.0,271284
128.0,271412
113.0,271525
80.0,271605
11.0,271616
13.0,271629
14.0,271643
11.0,271654
15.0,271669
18.0,271687
126.0,271813
148.0,271961
122.0,272083
165.0,272248
160.0,272408
243.0,272651
232.0,272883
196.0,273079
145.0,273224
151.0,273375
204.0,273579
349.0,273928
170.0,274098
239.0,274337
134.0,274471
185.0,274656
251.0,274907
257.0,275164
281.0,275445
144.0,275589
145.0,275734
200.0,275934
170.0,276104
127.0,276231
122.0,276353
131.0,276484
144.0,276628
132.0,276760
120.0,276880
115.0,276995
115.0,277110
104.0,277214
105.0,277319
23.0,277342
113.0,277455
119.0,277574
106.0,277680
103.0,277783
114.0,277897
126.0,278023
150.0,278173
113.0,278286
108.0,278394
115.0,278509
107.0,278616
17.0,278633
14.0,278647
16.0,278663
18.0,278681
15.0,278696
15.0,278711
15.0,278726
15.0,278741
20.0,278761
15.0,278776
14.0,278790
12.0,278802
16.0,278818
13.0,278831
16.0,278847
68.0,278915
20.0,278935
95.0,279030
20.0,279050
16.0,279066
20.0,279086
98.0,279184
99.0,279283
20.0,279303
19.0,279322
18.0,279340
15.0,279355
23.0,279378
25.0,279403
12.0,279415
16.0,279431
20.0,279451
18.0,279469
92.0,279561
15.0,279576
11.0,279587
10.0,279597
12.0,279609
12.0,279621
15.0,279636
146.0,279782
116.0,279898
140.0,280038
237.0,280275
185.0,280460
191.0,280651
146.0,280797
182.0,280979
114.0,281093
119.0,281212
114.0,281326
116.0,281442
118.0,281560
112.0,281672
109.0,281781
104.0,281885
116.0,282001
120.0,282121
106.0,282227
149.0,282376
155.0,282531
156.0,282687
155.0,282842
138.0,282980
112.0,283092
119.0,283211
114.0,283325
132.0,283457
109.0,283566
105.0,283671
115.0,283786
105.0,283891
100.0,283991
104.0,284095
105.0,284200
108.0,284308
97.0,284405
18.0,284423
17.0,284440
16.0,284456
14.0,284470
14.0,284484
16.0,284500
14.0,284514
12.0,284526
12.0,284538
14.0,284552
10.0,284562
15.0,284577
14.0,284591
17.0,284608
15.0,284623
15.0,284638
67.0,284705
12.0,284717
10.0,284727
11.0,284738
11.0,284749
9.0,284758
10.0,284768
10.0,284778
10.0,284788
12.0,284800
127.0,284927
134.0,285061
224.0,285285
133.0,285418
259.0,285677
332.0,286009
120.0,286129
103.0,286232
116.0,286348
106.0,286454
101.0,286555
102.0,286657
98.0,286755
100.0,286855
17.0,286872
16.0,286888
21.0,286909
20.0,286929
14.0,286943
15.0,286958
105.0,287063
117.0,287180
103.0,287283
111.0,287394
103.0,287497
101.0,287598
100.0,287698
107.0,287805
20.0,287825
14.0,287839
14.0,287853
100.0,287953
166.0,288119
219.0,288338
122.0,288460
113.0,288573
139.0,288712
163.0,288875
193.0,289068
229.0,289297
238.0,289535
115.0,289650
117.0,289767
106.0,289873
107.0,289980
98.0,290078
99.0,290177
92.0,290269
20.0,290289
16.0,290305
11.0,290316
11.0,290327
13.0,290340
12.0,290352
13.0,290365
19.0,290384
27.0,290411
82.0,290493
15.0,290508
14.0,290522
10.0,290532
10.0,290542
13.0,290555
11.0,290566
11.0,290577
15.0,290592
108.0,290700
151.0,290851
166.0,291017
179.0,291196
246.0,291442
187.0,291629
161.0,291790
148.0,291938
429.0,292367
350.0,292717
120.0,292837
101.0,292938
120.0,293058
97.0,293155
86.0,293241
20.0,293261
18.0,293279
111.0,293390
165.0,293555
267.0,293822
127.0,293949
131.0,294080
113.0,294193
139.0,294332
110.0,294442
98.0,294540
103.0,294643
106.0,294749
102.0,294851
107.0,294958
109.0,295067
105.0,295172
100.0,295272
116.0,295388
95.0,295483
107.0,295590
109.0,295699
127.0,295826
112.0,295938
107.0,296045
81.0,296126
10.0,296136
16.0,296152
13.0,296165
15.0,296180
130.0,296310
253.0,296563
115.0,296678
113.0,296791
116.0,296907
110.0,297017
97.0,297114
106.0,297220
97.0,297317
18.0,297335
18.0,297353
17.0,297370
20.0,297390
70.0,297460
18.0,297478
87.0,297565
66.0,297631
75.0,297706
68.0,297774
88.0,297862
87.0,297949
88.0,298037
50.0,298087
14.0,298101
14.0,298115
13.0,298128
13.0,298141
12.0,298153
108.0,298261
87.0,298348
18.0,298366
112.0,298478
500.0,298978
165.0,299143
231.0,299374
234.0,299608
211.0,299819
265.0,300084
305.0,300389
394.0,300783
500.0,301283
297.0,301580
105.0,301685
70.0,301755
93.0,301848
97.0,301945
109.0,302054
331.0,302385
235.0,302620
256.0,302876
259.0,303135
150.0,303285
272.0,303557
170.0,303727
269.0,303996
145.0,304141
128.0,304269
206.0,304475
212.0,304687
134.0,304821
125.0,304946
12.0,304958
89.0,305047
17.0,305064
23.0,305087
92.0,305179
82.0,305261
69.0,305330
91.0,305421
45.0,305466
12.0,305478
15.0,305493
13.0,305506
96.0,305602
259.0,305861
100.0,305961
70.0,306031
65.0,306096
19.0,306115
61.0,306176
17.0,306193
11.0,306204
11.0,306215
12.0,306227
14.0,306241
13.0,306254
15.0,306269
15.0,306284
16.0,306300
13.0,306313
13.0,306326
12.0,306338
13.0,306351
11.0,306362
10.0,306372
12.0,306384
10.0,306394
13.0,306407
17.0,306424
78.0,306502
70.0,306572
75.0,306647
97.0,306744
114.0,306858
113.0,306971
106.0,307077
85.0,307162
80.0,307242
76.0,307318
18.0,307336
21.0,307357
14.0,307371
15.0,307386
12.0,307398
15.0,307413
17.0,307430
14.0,307444
13.0,307457
14.0,307471
10.0,307481
10.0,307491
13.0,307504
14.0,307518
15.0,307533
17.0,307550
22.0,307572
19.0,307591
17.0,307608
14.0,307622
12.0,307634
12.0,307646
13.0,307659
13.0,307672
15.0,307687
24.0,307711
89.0,307800
87.0,307887
91.0,307978
89.0,308067
97.0,308164
25.0,308189
23.0,308212
79.0,308291
87.0,308378
94.0,308472
89.0,308561
109.0,308670
126.0,308796
244.0,309040
242.0,309282
484.0,309766
176.0,309942
324.0,310266
214.0,310480
167.0,310647
185.0,310832
198.0,311030
121.0,311151
160.0,311311
236.0,311547
308.0,311855
186.0,312041
102.0,312143
141.0,312284
150.0,312434
141.0,312575
293.0,312868
246.0,313114
126.0,313240
95.0,313335
86.0,313421
18.0,313439
18.0,313457
16.0,313473
20.0,313493
109.0,313602
138.0,313740
13.0,313753
15.0,313768
13.0,313781
12.0,313793
17.0,313810
103.0,313913
12.0,313925
10.0,313935
12.0,313947
11.0,313958
14.0,313972
14.0,313986
74.0,314060
85.0,314145
82.0,314227
81.0,314308
101.0,314409
89.0,314498
75.0,314573
107.0,314680
87.0,314767
86.0,314853
91.0,314944
90.0,315034
93.0,315127
82.0,315209
98.0,315307
104.0,315411
106.0,315517
95.0,315612
106.0,315718
106.0,315824
98.0,315922
104.0,316026
103.0,316129
104.0,316233
103.0,316336
118.0,316454
110.0,316564
101.0,316665
106.0,316771
120.0,316891
116.0,317007
112.0,317119
107.0,317226
117.0,317343
112.0,317455
116.0,317571
114.0,317685
109.0,317794
98.0,317892
106.0,317998
95.0,318093
100.0,318193
82.0,318275
97.0,318372
104.0,318476
110.0,318586
115.0,318701
95.0,318796
74.0,318870
80.0,318950
85.0,319035
93.0,319128
80.0,319208
88.0,319296
90.0,319386
88.0,319474
86.0,319560
81.0,319641
93.0,319734
96.0,319830
79.0,319909
83.0,319992
99.0,320091
86.0,320177
82.0,320259
62.0,320321
22.0,320343
93.0,320436
118.0,320554
107.0,320661
107.0,320768
110.0,320878
114.0,320992
95.0,321087
87.0,321174
103.0,321277
76.0,321353
36.0,321389
107.0,321496
208.0,321704
304.0,322008
231.0,322239
500.0,322739
204.0,322943
113.0,323056
106.0,323162
110.0,323272
106.0,323378
114.0,323492
114.0,323606
130.0,323736
133.0,323869
89.0,323958
120.0,324078
125.0,324203
118.0,324321
135.0,324456
116.0,324572
115.0,324687
125.0,324812
116.0,324928
132.0,325060
112.0,325172
109.0,325281
124.0,325405
93.0,325498
134.0,325632
143.0,325775
153.0,325928
145.0,326073
152.0,326225
189.0,326414
197.0,326611
305.0,326916
141.0,327057
353.0,327410
167.0,327577
183.0,327760
148.0,327908
177.0,328085
130.0,328215
101.0,328316
81.0,328397
23.0,328420
92.0,328512
128.0,328640
118.0,328758
138.0,328896
119.0,329015
130.0,329145
98.0,329243
22.0,329265
119.0,329384
420.0,329804
125.0,329929
16.0,329945
15.0,329960
16.0,329976
111.0,330087
132.0,330219
112.0,330331
238.0,330569
179.0,330748
141.0,330889
127.0,331016
186.0,331202
253.0,331455
250.0,331705
160.0,331865
117.0,331982
106.0,332088
117.0,332205
131.0,332336
109.0,332445
178.0,332623
154.0,332777
159.0,332936
188.0,333124
133.0,333257
128.0,333385
155.0,333540
123.0,333663
124.0,333787
189.0,333976
263.0,334239
133.0,334372
135.0,334507
154.0,334661
170.0,334831
280.0,335111
262.0,335373
116.0,335489
158.0,335647
149.0,335796
178.0,335974
212.0,336186
137.0,336323
142.0,336465
124.0,336589
122.0,336711
123.0,336834
103.0,336937
404.0,337341
214.0,337555
173.0,337728
272.0,338000
154.0,338154
189.0,338343
149.0,338492
189.0,338681
242.0,338923
229.0,339152
205.0,339357
199.0,339556
218.0,339774
161.0,339935
142.0,340077
150.0,340227
125.0,340352
162.0,340514
120.0,340634
141.0,340775
130.0,340905
199.0,341104
303.0,341407
145.0,341552
129.0,341681
138.0,341819
16.0,341835
16.0,341851
174.0,342025
155.0,342180
252.0,342432
205.0,342637
306.0,342943
228.0,343171
233.0,343404
149.0,343553
74.0,343627
10.0,343637
9.0,343646
9.0,343655
10.0,343665
9.0,343674
11.0,343685
11.0,343696
10.0,343706
16.0,343722
154.0,343876
146.0,344022
147.0,344169
173.0,344342
130.0,344472
128.0,344600
126.0,344726
325.0,345051
15.0,345066
17.0,345083
129.0,345212
142.0,345354
112.0,345466
17.0,345483
13.0,345496
15.0,345511
14.0,345525
16.0,345541
13.0,345554
11.0,345565
12.0,345577
11.0,345588
13.0,345601
12.0,345613
11.0,345624
15.0,345639
14.0,345653
17.0,345670
15.0,345685
15.0,345700
22.0,345722
110.0,345832
16.0,345848
13.0,345861
17.0,345878
12.0,345890
16.0,345906
19.0,345925
183.0,346108
145.0,346253
119.0,346372
102.0,346474
137.0,346611
123.0,346734
113.0,346847
118.0,346965
278.0,347243
123.0,347366
110.0,347476
125.0,347601
114.0,347715
17.0,347732
182.0,347914
136.0,348050
119.0,348169
132.0,348301
99.0,348400
109.0,348509
106.0,348615
14.0,348629
12.0,348641
12.0,348653
10.0,348663
11.0,348674
12.0,348686
17.0,348703
78.0,348781
14.0,348795
13.0,348808
13.0,348821
10.0,348831
12.0,348843
10.0,348853
9.0,348862
12.0,348874
11.0,348885
16.0,348901
13.0,348914
138.0,349052
235.0,349287
126.0,349413
102.0,349515
119.0,349634
136.0,349770
169.0,349939
339.0,350278
238.0,350516
315.0,350831
233.0,351064
260.0,351324
202.0,351526
202.0,351728
274.0,352002
257.0,352259
219.0,352478
215.0,352693
186.0,352879
127.0,353006
242.0,353248
137.0,353385
158.0,353543
17.0,353560
203.0,353763
254.0,354017
141.0,354158
119.0,354277
114.0,354391
174.0,354565
152.0,354717
146.0,354863
226.0,355089
122.0,355211
238.0,355449
158.0,355607
397.0,356004
332.0,356336
209.0,356545
178.0,356723
204.0,356927
205.0,357132
399.0,357531
178.0,357709
181.0,357890
179.0,358069
299.0,358368
158.0,358526
188.0,358714
500.0,359214
24.0,359238
113.0,359351
14.0,359365
13.0,359378
14.0,359392
105.0,359497
13.0,359510
13.0,359523
14.0,359537
12.0,359549
13.0,359562
15.0,359577
132.0,359709
152.0,359861
135.0,359996
133.0,360129
136.0,360265
117.0,360382
18.0,360400
20.0,360420
22.0,360442
110.0,360552
131.0,360683
153.0,360836
129.0,360965
116.0,361081
115.0,361196
124.0,361320
131.0,361451
139.0,361590
302.0,361892
113.0,362005
117.0,362122
19.0,362141
16.0,362157
15.0,362172
16.0,362188
16.0,362204
460.0,362664
214.0,362878
202.0,363080
188.0,363268
292.0,363560
306.0,363866
126.0,363992
116.0,364108
122.0,364230
120.0,364350
120.0,364470
112.0,364582
155.0,364737
335.0,365072
281.0,365353
103.0,365456
13.0,365469
12.0,365481
13.0,365494
17.0,365511
254.0,365765
13.0,365778
12.0,365790
15.0,365805
12.0,365817
10.0,365827
11.0,365838
13.0,365851
11.0,365862
13.0,365875
118.0,365993
19.0,366012
20.0,366032
101.0,366133
123.0,366256
192.0,366448
156.0,366604
324.0,366928
172.0,367100
166.0,367266
130.0,367396
125.0,367521
130.0,367651
106.0,367757
136.0,367893
90.0,367983
134.0,368117
111.0,368228
149.0,368377
142.0,368519
122.0,368641
134.0,368775
131.0,368906
135.0,369041
161.0,369202
22.0,369224
22.0,369246
178.0,369424
183.0,369607
24.0,369631
103.0,369734
20.0,369754
95.0,369849
20.0,369869
17.0,369886
100.0,369986
107.0,370093
209.0,370302
105.0,370407
172.0,370579
367.0,370946
235.0,371181
247.0,371428
132.0,371560
129.0,371689
92.0,371781
13.0,371794
13.0,371807
17.0,371824
24.0,371848
105.0,371953
105.0,372058
110.0,372168
149.0,372317
142.0,372459
137.0,372596
181.0,372777
101.0,372878
107.0,372985
200.0,373185
16.0,373201
16.0,373217
10.0,373227
16.0,373243
226.0,373469
104.0,373573
79.0,373652
13.0,373665
11.0,373676
9.0,373685
10.0,373695
10.0,373705
10.0,373715
10.0,373725
10.0,373735
9.0,373744
12.0,373756
65.0,373821
16.0,373837
12.0,373849
12.0,373861
11.0,373872
12.0,373884
10.0,373894
13.0,373907
135.0,374042
191.0,374233
196.0,374429
107.0,374536
150.0,374686
364.0,375050
291.0,375341
144.0,375485
128.0,375613
166.0,375779
396.0,376175
243.0,376418
176.0,376594
156.0,376750
98.0,376848
79.0,376927
77.0,377004
89.0,377093
97.0,377190
107.0,377297
102.0,377399
148.0,377547
144.0,377691
150.0,377841
118.0,377959
159.0,378118
186.0,378304
401.0,378705
152.0,378857
431.0,379288
116.0,379404
120.0,379524
193.0,379717
179.0,379896
125.0,380021
123.0,380144
125.0,380269
118.0,380387
134.0,380521
264.0,380785
238.0,381023
370.0,381393
323.0,381716
115.0,381831
145.0,381976
206.0,382182
184.0,382366
170.0,382536
206.0,382742
286.0,383028
239.0,383267
171.0,383438
218.0,383656
151.0,383807
100.0,383907
93.0,384000
94.0,384094
99.0,384193
89.0,384282
92.0,384374
139.0,384513
116.0,384629
274.0,384903
162.0,385065
110.0,385175
92.0,385267
89.0,385356
82.0,385438
87.0,385525
68.0,385593
98.0,385691
98.0,385789
136.0,385925
169.0,386094
101.0,386195
119.0,386314
142.0,386456
238.0,386694
97.0,386791
136.0,386927
132.0,387059
144.0,387203
118.0,387321
21.0,387342
22.0,387364
71.0,387435
76.0,387511
90.0,387601
29.0,387630
74.0,387704
85.0,387789
24.0,387813
18.0,387831
16.0,387847
16.0,387863
69.0,387932
31.0,387963
19.0,387982
17.0,387999
16.0,388015
19.0,388034
103.0,388137
177.0,388314
175.0,388489
166.0,388655
133.0,388788
158.0,388946
157.0,389103
222.0,389325
21.0,389346
15.0,389361
15.0,389376
16.0,389392
19.0,389411
137.0,389548
113.0,389661
176.0,389837
26.0,389863
105.0,389968
130.0,390098
202.0,390300
259.0,390559
212.0,390771
95.0,390866
85.0,390951
120.0,391071
84.0,391155
111.0,391266
109.0,391375
117.0,391492
173.0,391665
148.0,391813
135.0,391948
118.0,392066
183.0,392249
253.0,392502
176.0,392678
104.0,392782
319.0,393101
166.0,393267
120.0,393387
229.0,393616
99.0,393715
103.0,393818
119.0,393937
90.0,394027
179.0,394206
146.0,394352
134.0,394486
161.0,394647
168.0,394815
60.0,394875
71.0,394946
104.0,395050
136.0,395186
74.0,395260
149.0,395409
117.0,395526
125.0,395651
190.0,395841
108.0,395949
63.0,396012
55.0,396067
57.0,396124
34.0,396158
36.0,396194
20.0,396214
21.0,396235
15.0,396250
17.0,396267
142.0,396409
155.0,396564
98.0,396662
105.0,396767
233.0,397000
435.0,397435
210.0,397645
116.0,397761
51.0,397812
24.0,397836
20.0,397856
16.0,397872
14.0,397886
16.0,397902
16.0,397918
16.0,397934
17.0,397951
17.0,397968
15.0,397983
14.0,397997
10.0,398007
12.0,398019
11.0,398030
14.0,398044
14.0,398058
14.0,398072
15.0,398087
17.0,398104
15.0,398119
10.0,398129
10.0,398139
9.0,398148
11.0,398159
10.0,398169
10.0,398179
11.0,398190
12.0,398202
163.0,398365
16.0,398381
19.0,398400
16.0,398416
107.0,398523
91.0,398614
107.0,398721
142.0,398863
129.0,398992
154.0,399146
144.0,399290
261.0,399551
252.0,399803
135.0,399938
209.0,400147
168.0,400315
172.0,400487
278.0,400765
344.0,401109
16.0,401125
11.0,401136
12.0,401148
11.0,401159
10.0,401169
14.0,401183
11.0,401194
14.0,401208
20.0,401228
67.0,401295
19.0,401314
19.0,401333
14.0,401347
11.0,401358
11.0,401369
12.0,401381
18.0,401399
136.0,401535
12.0,401547
14.0,401561
15.0,401576
20.0,401596
134.0,401730
132.0,401862
155.0,402017
133.0,402150
144.0,402294
131.0,402425
123.0,402548
105.0,402653
145.0,402798
103.0,402901
137.0,403038
178.0,403216
144.0,403360
145.0,403505
125.0,403630
277.0,403907
397.0,404304
205.0,404509
144.0,404653
128.0,404781
161.0,404942
134.0,405076
236.0,405312
230.0,405542
148.0,405690
207.0,405897
122.0,406019
101.0,406120
111.0,406231
92.0,406323
99.0,406422
98.0,406520
108.0,406628
108.0,406736
140.0,406876
166.0,407042
123.0,407165
102.0,407267
100.0,407367
115.0,407482
117.0,407599
134.0,407733
107.0,407840
169.0,408009
98.0,408107
154.0,408261
36.0,408297
16.0,408313
114.0,408427
139.0,408566
126.0,408692
192.0,408884
312.0,409196
128.0,409324
153.0,409477
216.0,409693
55.0,409748
81.0,409829
89.0,409918
95.0,410013
80.0,410093
19.0,410112
103.0,410215
143.0,410358
146.0,410504
147.0,410651
183.0,410834
323.0,411157
138.0,411295
206.0,411501
111.0,411612
101.0,411713
188.0,411901
23.0,411924
21.0,411945
20.0,411965
14.0,411979
17.0,411996
110.0,412106
162.0,412268
141.0,412409
18.0,412427
17.0,412444
107.0,412551
127.0,412678
97.0,412775
131.0,412906
244.0,413150
113.0,413263
20.0,413283
16.0,413299
15.0,413314
12.0,413326
12.0,413338
15.0,413353
13.0,413366
14.0,413380
15.0,413395
16.0,413411
19.0,413430
19.0,413449
78.0,413527
12.0,413539
14.0,413553
12.0,413565
9.0,413574
11.0,413585
12.0,413597
10.0,413607
11.0,413618
11.0,413629
12.0,413641
10.0,413651
12.0,413663
13.0,413676
196.0,413872
13.0,413885
14.0,413899
14.0,413913
10.0,413923
11.0,413934
11.0,413945
12.0,413957
15.0,413972
17.0,413989
18.0,414007
130.0,414137
176.0,414313
149.0,414462
220.0,414682
108.0,414790
131.0,414921
119.0,415040
16.0,415056
14.0,415070
15.0,415085
17.0,415102
13.0,415115
18.0,415133
16.0,415149
16.0,415165
15.0,415180
14.0,415194
13.0,415207
14.0,415221
15.0,415236
13.0,415249
17.0,415266
16.0,415282
14.0,415296
13.0,415309
121.0,415430
275.0,415705
213.0,415918
238.0,416156
261.0,416417
192.0,416609
113.0,416722
152.0,416874
151.0,417025
275.0,417300
115.0,417415
25.0,417440
22.0,417462
100.0,417562
124.0,417686
115.0,417801
166.0,417967
112.0,418079
118.0,418197
135.0,418332
260.0,418592
177.0,418769
191.0,418960
116.0,419076
109.0,419185
18.0,419203
17.0,419220
16.0,419236
19.0,419255
103.0,419358
151.0,419509
105.0,419614
122.0,419736
118.0,419854
97.0,419951
86.0,420037
33.0,420070
79.0,420149
60.0,420209
29.0,420238
25.0,420263
89.0,420352
90.0,420442
85.0,420527
92.0,420619
102.0,420721
115.0,420836
163.0,420999
241.0,421240
161.0,421401
290.0,421691
178.0,421869
159.0,422028
122.0,422150
97.0,422247
126.0,422373
102.0,422475
94.0,422569
105.0,422674
117.0,422791
85.0,422876
108.0,422984
280.0,423264
195.0,423459
169.0,423628
155.0,423783
403.0,424186
101.0,424287
182.0,424469
122.0,424591
129.0,424720
113.0,424833
116.0,424949
56.0,425005
24.0,425029
18.0,425047
102.0,425149
125.0,425274
122.0,425396
148.0,425544
117.0,425661
173.0,425834
200.0,426034
122.0,426156
88.0,426244
100.0,426344
68.0,426412
20.0,426432
22.0,426454
102.0,426556
105.0,426661
201.0,426862
274.0,427136
123.0,427259
12.0,427271
13.0,427284
11.0,427295
13.0,427308
17.0,427325
14.0,427339
18.0,427357
14.0,427371
16.0,427387
18.0,427405
14.0,427419
15.0,427434
12.0,427446
13.0,427459
15.0,427474
15.0,427489
14.0,427503
10.0,427513
10.0,427523
12.0,427535
13.0,427548
10.0,427558
11.0,427569
11.0,427580
11.0,427591
14.0,427605
12.0,427617
11.0,427628
11.0,427639
11.0,427650
13.0,427663
12.0,427675
11.0,427686
10.0,427696
11.0,427707
9.0,427716
9.0,427725
11.0,427736
10.0,427746
12.0,427758
11.0,427769
10.0,427779
9.0,427788
9.0,427797
10.0,427807
11.0,427818
9.0,427827
10.0,427837
9.0,427846
13.0,427859
15.0,427874
15.0,427889
18.0,427907
16.0,427923
14.0,427937
13.0,427950
10.0,427960
11.0,427971
9.0,427980
11.0,427991
10.0,428001
9.0,428010
12.0,428022
13.0,428035
11.0,428046
10.0,428056
12.0,428068
12.0,428080
11.0,428091
11.0,428102
12.0,428114
13.0,428127
13.0,428140
14.0,428154
13.0,428167
13.0,428180
11.0,428191
10.0,428201
16.0,428217
12.0,428229
10.0,428239
12.0,428251
12.0,428263
12.0,428275
13.0,428288
10.0,428298
10.0,428308
10.0,428318
11.0,428329
12.0,428341
13.0,428354
11.0,428365
14.0,428379
11.0,428390
14.0,428404
12.0,428416
11.0,428427
12.0,428439
12.0,428451
11.0,428462
12.0,428474
11.0,428485
11.0,428496
12.0,428508
14.0,428522
11.0,428533
12.0,428545
12.0,428557
11.0,428568
12.0,428580
10.0,428590
10.0,428600
10.0,428610
11.0,428621
12.0,428633
13.0,428646
12.0,428658
17.0,428675
210.0,428885
101.0,428986
86.0,429072
17.0,429089
14.0,429103
13.0,429116
12.0,429128
13.0,429141
108.0,429249
199.0,429448
324.0,429772
121.0,429893
115.0,430008
111.0,430119
101.0,430220
119.0,430339
119.0,430458
109.0,430567
145.0,430712
309.0,431021
101.0,431122
135.0,431257
102.0,431359
111.0,431470
96.0,431566
114.0,431680
118.0,431798
108.0,431906
118.0,432024
107.0,432131
125.0,432256
153.0,432409
122.0,432531
133.0,432664
140.0,432804
139.0,432943
112.0,433055
112.0,433167
189.0,433356
128.0,433484
123.0,433607
141.0,433748
125.0,433873
88.0,433961
20.0,433981
13.0,433994
12.0,434006
14.0,434020
14.0,434034
12.0,434046
15.0,434061
16.0,434077
14.0,434091
12.0,434103
13.0,434116
13.0,434129
11.0,434140
9.0,434149
11.0,434160
11.0,434171
9.0,434180
11.0,434191
10.0,434201
9.0,434210
11.0,434221
9.0,434230
10.0,434240
13.0,434253
18.0,434271
140.0,434411
125.0,434536
21.0,434557
19.0,434576
20.0,434596
128.0,434724
77.0,434801
17.0,434818
14.0,434832
14.0,434846
17.0,434863
19.0,434882
101.0,434983
110.0,435093
93.0,435186
106.0,435292
129.0,435421
109.0,435530
116.0,435646
280.0,435926
185.0,436111
149.0,436260
155.0,436415
145.0,436560
136.0,436696
142.0,436838
120.0,436958
128.0,437086
112.0,437198
118.0,437316
120.0,437436
127.0,437563
118.0,437681
94.0,437775
106.0,437881
150.0,438031
113.0,438144
11.0,438155
154.0,438309
135.0,438444
436.0,438880
325.0,439205
92.0,439297
24.0,439321
18.0,439339
22.0,439361
24.0,439385
18.0,439403
17.0,439420
15.0,439435
16.0,439451
87.0,439538
112.0,439650
113.0,439763
129.0,439892
132.0,440024
190.0,440214
139.0,440353
107.0,440460
163.0,440623
166.0,440789
112.0,440901
152.0,441053
121.0,441174
92.0,441266
88.0,441354
123.0,441477
273.0,441750
290.0,442040
209.0,442249
275.0,442524
208.0,442732
151.0,442883
135.0,443018
133.0,443151
118.0,443269
118.0,443387
43.0,443430
105.0,443535
16.0,443551
20.0,443571
119.0,443690
340.0,444030
182.0,444212
117.0,444329
166.0,444495
112.0,444607
134.0,444741
100.0,444841
103.0,444944
116.0,445060
135.0,445195
112.0,445307
114.0,445421
119.0,445540
14.0,445554
10.0,445564
15.0,445579
14.0,445593
17.0,445610
124.0,445734
226.0,445960
187.0,446147
353.0,446500
120.0,446620
131.0,446751
128.0,446879
136.0,447015
120.0,447135
112.0,447247
111.0,447358
118.0,447476
118.0,447594
126.0,447720
125.0,447845
133.0,447978
119.0,448097
102.0,448199
118.0,448317
211.0,448528
15.0,448543
17.0,448560
17.0,448577
15.0,448592
15.0,448607
500.0,449107
142.0,449249
159.0,449408
201.0,449609
156.0,449765
328.0,450093
232.0,450325
110.0,450435
113.0,450548
109.0,450657
138.0,450795
152.0,450947
144.0,451091
162.0,451253
222.0,451475
120.0,451595
180.0,451775
125.0,451900
128.0,452028
118.0,452146
142.0,452288
340.0,452628
254.0,452882
233.0,453115
160.0,453275
338.0,453613
140.0,453753
236.0,453989
138.0,454127
162.0,454289
227.0,454516
139.0,454655
328.0,454983
320.0,455303
152.0,455455
112.0,455567
16.0,455583
115.0,455698
126.0,455824
128.0,455952
134.0,456086
117.0,456203
138.0,456341
115.0,456456
109.0,456565
98.0,456663
11.0,456674
10.0,456684
13.0,456697
9.0,456706
11.0,456717
10.0,456727
14.0,456741
184.0,456925
13.0,456938
8.0,456946
11.0,456957
11.0,456968
13.0,456981
10.0,456991
12.0,457003
90.0,457093
11.0,457104
11.0,457115
10.0,457125
10.0,457135
12.0,457147
10.0,457157
11.0,457168
18.0,457186
183.0,457369
152.0,457521
233.0,457754
140.0,457894
139.0,458033
157.0,458190
180.0,458370
119.0,458489
159.0,458648
125.0,458773
199.0,458972
153.0,459125
122.0,459247
132.0,459379
142.0,459521
204.0,459725
119.0,459844
124.0,459968
190.0,460158
243.0,460401
234.0,460635
218.0,460853
178.0,461031
172.0,461203
141.0,461344
210.0,461554
244.0,461798
254.0,462052
229.0,462281
217.0,462498
247.0,462745
132.0,462877
168.0,463045
266.0,463311
175.0,463486
189.0,463675
208.0,463883
193.0,464076
259.0,464335
249.0,464584
207.0,464791
279.0,465070
208.0,465278
151.0,465429
125.0,465554
135.0,465689
192.0,465881
113.0,465994
131.0,466125
127.0,466252
232.0,466484
173.0,466657
111.0,466768
107.0,466875
122.0,466997
161.0,467158
108.0,467266
200.0,467466
161.0,467627
339.0,467966
360.0,468326
104.0,468430
205.0,468635
239.0,468874
181.0,469055
194.0,469249
132.0,469381
132.0,469513
143.0,469656
132.0,469788
102.0,469890
118.0,470008
145.0,470153
121.0,470274
116.0,470390
130.0,470520
126.0,470646
116.0,470762
128.0,470890
132.0,471022
131.0,471153
115.0,471268
438.0,471706
172.0,471878
230.0,472108
214.0,472322
102.0,472424
101.0,472525
102.0,472627
114.0,472741
83.0,472824
16.0,472840
13.0,472853
20.0,472873
17.0,472890
162.0,473052
115.0,473167
126.0,473293
150.0,473443
210.0,473653
178.0,473831
116.0,473947
103.0,474050
137.0,474187
168.0,474355
324.0,474679
149.0,474828
144.0,474972
93.0,475065
19.0,475084
14.0,475098
109.0,475207
87.0,475294
99.0,475393
103.0,475496
87.0,475583
71.0,475654
12.0,475666
14.0,475680
16.0,475696
15.0,475711
14.0,475725
11.0,475736
10.0,475746
11.0,475757
11.0,475768
12.0,475780
12.0,475792
14.0,475806
12.0,475818
18.0,475836
18.0,475854
16.0,475870
12.0,475882
13.0,475895
14.0,475909
10.0,475919
10.0,475929
11.0,475940
9.0,475949
9.0,475958
11.0,475969
11.0,475980
10.0,475990
67.0,476057
13.0,476070
12.0,476082
14.0,476096
15.0,476111
77.0,476188
19.0,476207
22.0,476229
20.0,476249
17.0,476266
102.0,476368
102.0,476470
103.0,476573
28.0,476601
96.0,476697
108.0,476805
118.0,476923
120.0,477043
117.0,477160
127.0,477287
138.0,477425
119.0,477544
141.0,477685
127.0,477812
157.0,477969
131.0,478100
149.0,478249
124.0,478373
118.0,478491
105.0,478596
109.0,478705
106.0,478811
95.0,478906
93.0,478999
104.0,479103
94.0,479197
27.0,479224
92.0,479316
99.0,479415
89.0,479504
98.0,479602
88.0,479690
89.0,479779
105.0,479884
105.0,479989
94.0,480083
92.0,480175
114.0,480289
85.0,480374
85.0,480459
106.0,480565
140.0,480705
105.0,480810
151.0,480961
214.0,481175
153.0,481328
308.0,481636
155.0,481791
174.0,481965
135.0,482100
216.0,482316
217.0,482533
137.0,482670
246.0,482916
188.0,483104
246.0,483350
201.0,483551
295.0,483846
322.0,484168
198.0,484366
238.0,484604
273.0,484877
165.0,485042
172.0,485214
226.0,485440
205.0,485645
130.0,485775
402.0,486177
304.0,486481
132.0,486613
180.0,486793
123.0,486916
106.0,487022
147.0,487169
154.0,487323
144.0,487467
161.0,487628
97.0,487725
103.0,487828
126.0,487954
98.0,488052
104.0,488156
113.0,488269
83.0,488352
95.0,488447
115.0,488562
255.0,488817
500.0,489317
195.0,489512
223.0,489735
250.0,489985
14.0,489999
104.0,490103
164.0,490267
127.0,490394
213.0,490607
282.0,490889
288.0,491177
186.0,491363
185.0,491548
187.0,491735
216.0,491951
213.0,492164
150.0,492314
261.0,492575
192.0,492767
123.0,492890
85.0,492975
82.0,493057
15.0,493072
17.0,493089
15.0,493104
19.0,493123
18.0,493141
20.0,493161
15.0,493176
15.0,493191
19.0,493210
17.0,493227
13.0,493240
13.0,493253
13.0,493266
14.0,493280
16.0,493296
15.0,493311
16.0,493327
17.0,493344
16.0,493360
14.0,493374
14.0,493388
12.0,493400
13.0,493413
15.0,493428
88.0,493516
108.0,493624
97.0,493721
99.0,493820
121.0,493941
111.0,494052
211.0,494263
229.0,494492
367.0,494859
191.0,495050
209.0,495259
108.0,495367
138.0,495505
125.0,495630
148.0,495778
158.0,495936
161.0,496097
99.0,496196
103.0,496299
148.0,496447
170.0,496617
132.0,496749
108.0,496857
110.0,496967
217.0,497184
327.0,497511
500.0,498011
169.0,498180
394.0,498574
209.0,498783
250.0,499033
239.0,499272
13.0,499285
11.0,499296
13.0,499309
14.0,499323
17.0,499340
114.0,499454
86.0,499540
16.0,499556
102.0,499658
154.0,499812
109.0,499921
